Yr,Mo,Day,Hr,VSM
2016,3,1,18,0.2203
2016,3,2,6,0.20875
2016,3,2,18,0.22715
2016,3,3,6,0.2167
2016,3,3,18,0.2218
2016,3,4,6,0.215
2016,3,4,18,0.29445
2016,3,5,6,0.3288
2016,3,5,18,0.3866
2016,3,6,6,0.36965
2016,3,6,18,0.36485
2016,3,7,6,0.4089
2016,3,7,18,0.3529
2016,3,8,6,0.34155
2016,3,8,18,0.341
2016,3,9,6,0.33365
2016,3,9,18,0.3383
2016,3,10,6,0.33225
2016,3,10,18,0.3302
2016,3,11,6,0.327
2016,3,11,18,0.3806
2016,3,12,6,0.36335
2016,3,12,18,0.3621
2016,3,13,6,0.37925
2016,3,13,18,0.40655
2016,3,14,6,0.37865
2016,3,14,18,0.3602
2016,3,15,6,0.34775
2016,3,15,18,0.34755
2016,3,16,6,0.3355
2016,3,16,18,0.3388
2016,3,17,6,0.32685
2016,3,17,18,0.32895
2016,3,18,6,0.31525
2016,3,18,18,0.31615
2016,3,19,6,0.3018
2016,3,19,18,0.30515
2016,3,20,6,0.293
2016,3,20,18,0.29365
2016,3,21,6,0.2888
2016,3,21,18,0.2895
2016,3,22,6,0.2969
2016,3,22,18,0.3028
2016,3,23,6,0.28945
2016,3,23,18,0.2979
2016,3,24,6,0.2842
2016,3,24,18,0.2878
2016,3,25,6,0.27465
2016,3,25,18,0.27975
2016,3,26,6,0.2657
2016,3,26,18,0.27115
2016,3,27,6,0.25955
2016,3,27,18,0.26305
2016,3,28,6,0.2484
2016,3,28,18,0.24965
2016,3,29,6,0.2382
2016,3,29,18,0.2453
2016,3,30,6,0.2292
2016,3,30,18,0.24005
2016,3,31,6,0.2255
2016,3,31,18,0.2363
2016,4,1,6,0.22175
2016,4,1,18,0.2316
2016,4,2,6,0.2169
2016,4,2,18,0.22665
2016,4,3,6,0.2129
2016,4,3,18,0.22115
2016,4,4,6,0.20735
2016,4,4,18,0.21725
2016,4,5,6,0.2022
2016,4,5,18,0.2128
2016,4,6,6,0.19875
2016,4,6,18,0.20955
2016,4,7,6,0.19665
2016,4,7,18,0.2019
2016,4,8,6,0.1921
2016,4,8,18,0.199
2016,4,9,6,0.2108
2016,4,9,18,0.27945
2016,4,10,6,0.35
2016,4,10,18,0.3212
2016,4,11,6,0.31295
2016,4,11,18,0.3081
2016,4,12,6,0.29585
2016,4,12,18,0.3086
2016,4,13,6,0.29175
2016,4,13,18,0.28875
2016,4,14,6,0.294
2016,4,14,18,0.28925
2016,4,15,6,0.27565
2016,4,15,18,0.27385
2016,4,16,6,0.25975
2016,4,16,18,0.27645
2016,4,17,6,0.2633
2016,4,17,18,0.2619
2016,4,18,6,0.24965
2016,4,18,18,0.2539
2016,4,19,6,0.2392
2016,4,19,18,0.245
2016,4,20,6,0.22995
2016,4,20,18,0.2332
2016,4,21,6,0.22215
2016,4,21,18,0.22645
2016,4,22,6,0.21815
2016,4,22,18,0.27475
2016,4,23,6,0.2658
2016,4,23,18,0.2605
2016,4,24,6,0.2483
2016,4,24,18,0.24625
2016,4,25,6,0.2341
2016,4,25,18,0.246
2016,4,26,6,0.233
2016,4,26,18,0.23345
2016,4,27,6,0.23845
2016,4,27,18,0.2427
2016,4,28,6,0.2354
2016,4,28,18,0.24045
2016,4,29,6,0.24785
2016,4,29,18,0.24115
2016,4,30,6,0.2304
2016,4,30,18,0.2319
2016,5,1,6,0.22015
2016,5,1,18,0.2251
2016,5,2,6,0.2139
2016,5,2,18,0.21865
2016,5,3,6,0.2084
2016,5,3,18,0.21315
2016,5,4,6,0.20475
2016,5,4,18,0.24
2016,5,5,6,0.23545
2016,5,5,18,0.23135
2016,5,6,6,0.22795
2016,5,6,18,0.23195
2016,5,7,6,0.2285
2016,5,7,18,0.22975
2016,5,8,6,0.22505
2016,5,8,18,0.22855
2016,5,9,6,0.22035
2016,5,9,18,0.2255
2016,5,10,6,0.215
2016,5,10,18,0.2195
2016,5,11,6,0.2087
2016,5,11,18,0.2121
2016,5,12,6,0.19895
2016,5,12,18,0.2048
2016,5,13,6,0.19295
2016,5,13,18,0.1956
2016,5,14,6,0.1855
2016,5,14,18,0.18915
2016,5,15,6,0.18045
2016,5,15,18,0.1863
2016,5,16,6,0.1764
2016,5,16,18,0.18195
2016,5,17,6,0.17265
2016,5,17,18,0.1799
2016,5,18,6,0.16945
2016,5,18,18,0.18095
2016,5,19,6,0.204
2016,5,19,18,0.1936
2016,5,20,6,0.20205
2016,5,20,18,0.1929
2016,5,21,6,0.19715
2016,5,21,18,0.1928
2016,5,22,6,0.1874
2016,5,22,18,0.19045
2016,5,23,6,0.1839
2016,5,23,18,0.18605
2016,5,24,6,0.17795
2016,5,24,18,0.1881
2016,5,25,6,0.17835
2016,5,25,18,0.1813
2016,5,26,6,0.17285
2016,5,26,18,0.1763
2016,5,27,6,0.168
2016,5,27,18,0.17195
2016,5,28,6,0.16415
2016,5,28,18,0.16875
2016,5,29,6,0.1594
2016,5,29,18,0.16845
2016,5,30,6,0.1568
2016,5,30,18,0.16425
2016,5,31,6,0.1979
2016,5,31,18,0.18695
2016,6,1,6,0.20065
2016,6,1,18,0.18655
2016,6,2,6,0.1755
2016,6,2,18,0.19435
2016,6,3,6,0.18025
2016,6,3,18,0.1926
2016,6,4,6,0.18235
2016,6,4,18,0.19855
2016,6,5,6,0.1862
2016,6,5,18,0.1863
2016,6,6,6,0.1785
2016,6,6,18,0.20515
2016,6,7,6,0.20145
2016,6,7,18,0.18975
2016,6,8,6,0.1805
2016,6,8,18,0.19255
2016,6,9,6,0.18155
2016,6,9,18,0.1805
2016,6,10,6,0.1715
2016,6,10,18,0.1948
2016,6,11,6,0.1801
2016,6,11,18,0.2067
2016,6,12,6,0.18985
2016,6,12,18,0.1806
2016,6,13,6,0.1967
2016,6,13,18,0.1843
2016,6,14,6,0.174
2016,6,14,18,0.1972
2016,6,15,6,0.1768
2016,6,15,18,0.17215
2016,6,16,6,0.1932
2016,6,16,18,0.18445
2016,6,17,6,0.17495
2016,6,17,18,0.1989
2016,6,18,6,0.18045
2016,6,18,18,0.19075
2016,6,19,6,0.17645
2016,6,19,18,0.20285
2016,6,20,6,0.17995
2016,6,20,18,0.20255
2016,6,21,6,0.17705
2016,6,21,18,0.2052
2016,6,22,6,0.1808
2016,6,22,18,0.20245
2016,6,23,6,0.1947
2016,6,23,18,0.2086
2016,6,24,6,0.2043
2016,6,24,18,0.19095
2016,6,25,6,0.17895
2016,6,25,18,0.20985
2016,6,26,6,0.192
2016,6,26,18,0.1861
2016,6,27,6,0.1736
2016,6,27,18,0.204
2016,6,28,6,0.2092
2016,6,28,18,0.2128
2016,6,29,6,0.19055
2016,6,29,18,0.21115
2016,6,30,6,0.1911
2016,6,30,18,0.20655
2016,7,1,6,0.2022
2016,7,1,18,0.21525
2016,7,2,6,0.1924
2016,7,2,18,0.2058
2016,7,3,6,0.1939
2016,7,3,18,0.1831
2016,7,4,6,0.17225
2016,7,4,18,0.1982
2016,7,5,6,0.1972
2016,7,5,18,0.2137
2016,7,6,6,0.1944
2016,7,6,18,0.214
2016,7,7,6,0.2012
2016,7,7,18,0.2133
2016,7,8,6,0.19265
2016,7,8,18,0.2135
2016,7,9,6,0.20195
2016,7,9,18,0.19285
2016,7,10,6,0.18215
2016,7,10,18,0.1732
2016,7,11,6,0.16135
2016,7,11,18,0.2093
2016,7,12,6,0.19555
2016,7,12,18,0.20955
2016,7,13,6,0.2078
2016,7,13,18,0.19285
2016,7,14,6,0.1812
2016,7,14,18,0.20405
2016,7,15,6,0.20385
2016,7,15,18,0.1932
2016,7,16,6,0.18055
2016,7,16,18,0.2019
2016,7,17,6,0.18715
2016,7,17,18,0.17175
2016,7,18,6,0.15835
2016,7,18,18,0.18815
2016,7,19,6,0.17525
2016,7,19,18,0.2073
2016,7,20,6,0.18795
2016,7,20,18,0.19395
2016,7,21,6,0.17805
2016,7,21,18,0.2096
2016,7,22,6,0.18885
2016,7,22,18,0.208
2016,7,23,6,0.1955
2016,7,23,18,0.21095
2016,7,24,6,0.19285
2016,7,24,18,0.17235
2016,7,25,6,0.16165
2016,7,25,18,0.20935
2016,7,26,6,0.18735
2016,7,26,18,0.2115
2016,7,27,6,0.1915
2016,7,27,18,0.2173
2016,7,28,6,0.19035
2016,7,28,18,0.2103
2016,7,29,6,0.1982
2016,7,29,18,0.2162
2016,7,30,6,0.19155
2016,7,30,18,0.20885
2016,7,31,6,0.1887
2016,7,31,18,0.1659
2016,8,1,6,0.15465
2016,8,1,18,0.2105
2016,8,2,6,0.18775
2016,8,2,18,0.20225
2016,8,3,6,0.1854
2016,8,3,18,0.2121
2016,8,4,6,0.1902
2016,8,4,18,0.21485
2016,8,5,6,0.1928
2016,8,5,18,0.2161
2016,8,6,6,0.1904
2016,8,6,18,0.19
2016,8,7,6,0.1762
2016,8,7,18,0.1554
2016,8,8,6,0.19545
2016,8,8,18,0.1782
2016,8,9,6,0.1635
2016,8,9,18,0.18405
2016,8,10,6,0.16995
2016,8,10,18,0.19415
2016,8,11,6,0.17795
2016,8,11,18,0.19105
2016,8,12,6,0.1776
2016,8,12,18,0.18755
2016,8,13,6,0.1734
2016,8,13,18,0.21665
2016,8,14,6,0.20225
2016,8,14,18,0.1624
2016,8,15,6,0.14865
2016,8,15,18,0.2061
2016,8,16,6,0.1861
2016,8,16,18,0.19105
2016,8,17,6,0.169
2016,8,17,18,0.19445
2016,8,18,6,0.17725
2016,8,18,18,0.2025
2016,8,19,6,0.17655
2016,8,19,18,0.1945
2016,8,20,6,0.17155
2016,8,20,18,0.14385
2016,8,21,6,0.13495
2016,8,21,18,0.13375
2016,8,22,6,0.1263
2016,8,22,18,0.13065
2016,8,23,6,0.12155
2016,8,23,18,0.12975
2016,8,24,6,0.1189
2016,8,24,18,0.17655
2016,8,25,6,0.1967
2016,8,25,18,0.20765
2016,8,26,6,0.20865
2016,8,26,18,0.198
2016,8,27,6,0.197
2016,8,27,18,0.20465
2016,8,28,6,0.18775
2016,8,28,18,0.1803
2016,8,29,6,0.16955
2016,8,29,18,0.2123
2016,8,30,6,0.18815
2016,8,30,18,0.21555
2016,8,31,6,0.18885
2016,8,31,18,0.21745
2016,9,1,6,0.20975
2016,9,1,18,0.1845
2016,9,2,6,0.17465
2016,9,2,18,0.2025
2016,9,3,6,0.18745
2016,9,3,18,0.20015
2016,9,4,6,0.18485
2016,9,4,18,0.17435
2016,9,5,6,0.1621
2016,9,5,18,0.213
2016,9,6,6,0.18705
2016,9,6,18,0.19035
2016,9,7,6,0.17915
2016,9,7,18,0.19895
2016,9,8,6,0.2074
2016,9,8,18,0.1776
2016,9,9,6,0.1666
2016,9,9,18,0.18585
2016,9,10,6,0.20895
2016,9,10,18,0.1765
2016,9,11,6,0.1631
2016,9,11,18,0.1508
2016,9,12,6,0.1405
2016,9,12,18,0.1984
2016,9,13,6,0.18275
2016,9,13,18,0.2138
2016,9,14,6,0.211
2016,9,14,18,0.1797
2016,9,15,6,0.16895
2016,9,15,18,0.1945
2016,9,16,6,0.2104
2016,9,16,18,0.17695
2016,9,17,6,0.1657
2016,9,17,18,0.14995
2016,9,18,6,0.13955
2016,9,18,18,0.14025
2016,9,19,6,0.13015
2016,9,19,18,0.1967
2016,9,20,6,0.20095
2016,9,20,18,0.16905
2016,9,21,6,0.15615
2016,9,21,18,0.19425
2016,9,22,6,0.201
2016,9,22,18,0.1702
2016,9,23,6,0.1584
2016,9,23,18,0.14215
2016,9,24,6,0.1343
2016,9,24,18,0.1343
2016,9,25,6,0.12515
2016,9,25,18,0.13125
2016,9,26,6,0.1227
2016,9,26,18,0.1602
2016,9,27,6,0.14735
2016,9,27,18,0.2099
2016,9,28,6,0.1877
2016,9,28,18,0.14805
2016,9,29,6,0.1359
2016,9,29,18,0.186
2016,9,30,6,0.1695
2016,9,30,18,0.14245
2016,10,1,6,0.1313
2016,10,1,18,0.1285
2016,10,2,6,0.1189
2016,10,2,18,0.12355
2016,10,3,6,0.13925
2016,10,3,18,0.19405
2016,10,4,6,0.18205
2016,10,4,18,0.1676
2016,10,5,6,0.1864
2016,10,5,18,0.20035
2016,10,6,6,0.18305
2016,10,6,18,0.16635
2016,10,7,6,0.15685
2016,10,7,18,0.14435
2016,10,8,6,0.13685
2016,10,8,18,0.13185
2016,10,9,6,0.1232
2016,10,9,18,0.12775
2016,10,10,6,0.11955
2016,10,10,18,0.12485
2016,10,11,6,0.1161
2016,10,11,18,0.1213
2016,10,12,6,0.11265
2016,10,12,18,0.12015
2016,10,13,6,0.1128
2016,10,13,18,0.11845
2016,10,14,6,0.11375
2016,10,14,18,0.25745
2016,10,15,6,0.28005
2016,10,15,18,0.2638
2016,10,16,6,0.3326
2016,10,16,18,0.35855
2016,10,17,6,0.33305
2016,10,17,18,0.3204
2016,10,18,6,0.3094
2016,10,18,18,0.30475
2016,10,19,6,0.29295
2016,10,19,18,0.28865
2016,10,20,6,0.2812
2016,10,20,18,0.27725
2016,10,21,6,0.2698
2016,10,21,18,0.26975
2016,10,22,6,0.26145
2016,10,22,18,0.2624
2016,10,23,6,0.2547
2016,10,23,18,0.2573
2016,10,24,6,0.2514
2016,10,24,18,0.28875
2016,10,25,6,0.2962
2016,10,25,18,0.29085
2016,10,26,6,0.28395
2016,10,26,18,0.27925
2016,10,27,6,0.2741
2016,10,27,18,0.34525
2016,10,28,6,0.36495
2016,10,28,18,0.3453
2016,10,29,6,0.3334
2016,10,29,18,0.32725
2016,10,30,6,0.32335
2016,10,30,18,0.35405
2016,10,31,6,0.3353
2016,10,31,18,0.3319
2016,11,1,6,0.35375
2016,11,1,18,0.33635
2016,11,2,6,0.32575
2016,11,2,18,0.3248
2016,11,3,6,0.31715
2016,11,3,18,0.3167
2016,11,4,6,0.3128
2016,11,4,18,0.3118
2016,11,5,6,0.30575
2016,11,5,18,0.30615
2016,11,6,6,0.3007
2016,11,6,18,0.30215
2016,11,7,6,0.29705
2016,11,7,18,0.29585
2016,11,8,6,0.2913
2016,11,8,18,0.29125
2016,11,9,6,0.28605
2016,11,9,18,0.28525
2016,11,10,6,0.27845
2016,11,10,18,0.28315
2016,11,11,6,0.2771
2016,11,11,18,0.28
2016,11,12,6,0.2748
2016,11,12,18,0.27475
2016,11,13,6,0.26975
2016,11,13,18,0.2702
2016,11,14,6,0.26495
2016,11,14,18,0.26605
2016,11,15,6,0.2605
2016,11,15,18,0.2656
2016,11,16,6,0.2584
2016,11,16,18,0.2576
2016,11,17,6,0.252
2016,11,17,18,0.25435
2016,11,18,6,0.2494
2016,11,18,18,0.2514
2016,11,19,6,0.24785
2016,11,19,18,0.29075
2016,11,20,6,0.3826
2016,11,20,18,0.34335
2016,11,21,6,0.3511
2016,11,21,18,0.3406
2016,11,22,6,0.3311
2016,11,22,18,0.33125
2016,11,23,6,0.35315
2016,11,23,18,0.33835
2016,11,24,6,0.32725
2016,11,24,18,0.3265
2016,11,25,6,0.3204
2016,11,25,18,0.322
2016,11,26,6,0.31715
2016,11,26,18,0.35985
2016,11,27,6,0.36615
2016,11,27,18,0.34385
2016,11,28,6,0.35825
2016,11,28,18,0.34895
2016,11,29,6,0.33895
2016,11,29,18,0.3364
2016,11,30,6,0.33075
2016,11,30,18,0.32985
2016,12,1,6,0.3252
2016,12,1,18,0.3243
2016,12,2,6,0.3167
2016,12,2,18,0.3149
2016,12,3,6,0.3105
2016,12,3,18,0.309
2016,12,4,6,0.30495
2016,12,4,18,0.3054
2016,12,5,6,0.3
2016,12,5,18,0.30155
2016,12,6,6,0.2981
2016,12,6,18,0.298
2016,12,7,6,0.29115
2016,12,7,18,0.29505
2016,12,8,6,0.3379
2016,12,8,18,0.34905
2016,12,9,6,0.34835
2016,12,9,18,0.34205
2016,12,10,6,0.3705
2016,12,10,18,0.40075
2016,12,11,6,0.35685
2016,12,11,18,0.35005
2016,12,12,6,0.34365
2016,12,12,18,0.3402
2016,12,13,6,0.3376
2016,12,13,18,0.3387
2016,12,14,6,0.337
2016,12,14,18,0.33585
2016,12,15,6,0.33275
2016,12,15,18,0.4155
2016,12,16,6,0.3724
2016,12,16,18,0.35315
2016,12,17,6,0.3416
2016,12,17,18,0.3392
2016,12,18,6,0.3322
2016,12,18,18,0.3327
2016,12,19,6,0.3273
2016,12,19,18,0.3332
2016,12,20,6,0.32765
2016,12,20,18,0.3284
2016,12,21,6,0.32515
2016,12,21,18,0.32655
2016,12,22,6,0.31985
2016,12,22,18,0.32225
2016,12,23,6,0.3197
2016,12,23,18,0.3807
2016,12,24,6,0.3537
2016,12,24,18,0.3474
2016,12,25,6,0.3375
2016,12,25,18,0.34025
2016,12,26,6,0.3325
2016,12,26,18,0.33235
2016,12,27,6,0.32695
2016,12,27,18,0.33055
2016,12,28,6,0.32575
2016,12,28,18,0.3299
2016,12,29,6,0.3247
2016,12,29,18,0.32815
2016,12,30,6,0.32095
2016,12,30,18,0.3243
2016,12,31,6,0.32195
2016,12,31,18,0.32735
2017,1,1,6,0.32425
2017,1,1,18,0.32525
2017,1,2,6,0.32385
2017,1,2,18,0.3263
2017,1,3,6,0.3666
2017,1,3,18,0.3842
2017,1,4,6,0.40065
2017,1,4,18,0.4061
2017,1,5,6,0.3801
2017,1,5,18,0.3589
2017,1,6,6,0.34725
2017,1,6,18,0.34855
2017,1,7,6,0.36935
2017,1,7,18,0.3762
2017,1,8,6,0.40435
2017,1,8,18,0.4093
2017,1,16,18,0.34335
2017,1,17,6,0.33635
2017,1,17,18,0.34045
2017,1,18,6,0.35665
2017,1,18,18,0.3897
2017,1,19,6,0.37955
2017,1,19,18,0.37825
2017,1,20,6,0.39245
2017,1,20,18,0.3824
2017,1,21,6,0.379
2017,1,21,18,0.37045
2017,1,22,6,0.384
2017,1,22,18,0.3915
2017,1,23,6,0.3929
2017,1,23,18,0.39185
2017,1,24,6,0.3699
2017,1,24,18,0.36125
2017,1,25,6,0.3519
2017,1,25,18,0.3534
2017,1,26,6,0.34635
2017,1,26,18,0.3449
2017,1,27,6,0.33735
2017,1,27,18,0.33955
2017,1,28,6,0.33215
2017,1,28,18,0.335
2017,1,29,6,0.3268
2017,1,29,18,0.3314
2017,1,30,6,0.3212
2017,1,30,18,0.3266
2017,1,31,6,0.31855
2017,1,31,18,0.32275
2017,2,1,6,0.31485
2017,2,1,18,0.31815
2017,2,2,6,0.32905
2017,2,2,18,0.3452
2017,2,3,6,0.3425
2017,2,3,18,0.36705
2017,2,4,6,0.3686
2017,2,4,18,0.36015
2017,2,5,6,0.3501
2017,2,5,18,0.34955
2017,2,6,6,0.3933
2017,2,6,18,0.3924
2017,2,7,6,0.40495
2017,2,7,18,0.38915
2017,2,8,6,0.3889
2017,2,8,18,0.3944
2017,2,9,6,0.37735
2017,2,9,18,0.39965
2017,2,10,6,0.4047
2017,2,10,18,0.37935
2017,2,11,6,0.3667
2017,2,11,18,0.35895
2017,2,12,6,0.34975
2017,2,12,18,0.3508
2017,2,13,6,0.34275
2017,2,13,18,0.34585
2017,2,14,6,0.3371
2017,2,14,18,0.3398
2017,2,15,6,0.33205
2017,2,15,18,0.3355
2017,2,16,6,0.341
2017,2,16,18,0.3528
2017,2,17,6,0.36095
2017,2,17,18,0.3632
2017,2,18,6,0.3668
2017,2,18,18,0.3571
2017,2,19,6,0.3495
2017,2,19,18,0.36805
2017,2,20,6,0.3866
2017,2,20,18,0.3962
2017,2,21,6,0.3917
2017,2,21,18,0.38995
2017,2,22,6,0.3723
2017,2,22,18,0.3614
2017,2,23,6,0.35
2017,2,23,18,0.34995
2017,2,24,6,0.34035
2017,2,24,18,0.3444
2017,2,25,6,0.3373
2017,2,25,18,0.336
2017,2,26,6,0.3259
2017,2,26,18,0.3269
2017,2,27,6,0.31945
2017,2,27,18,0.31935
2017,2,28,6,0.30665
2017,2,28,18,0.3091
2017,3,5,6,0.35975
2017,3,5,18,0.3376
2017,3,6,6,0.32725
2017,3,6,18,0.32805
2017,3,30,18,0.3047
2017,3,31,6,0.2901
2017,3,31,18,0.29025
2017,4,1,6,0.27755
2017,4,1,18,0.28395
2017,4,2,6,0.27085
2017,4,2,18,0.27525
2017,4,3,6,0.2594
2017,4,3,18,0.2623
2017,4,4,6,0.25115
2017,4,4,18,0.25535
2017,4,5,6,0.2441
2017,4,5,18,0.24855
2017,4,6,6,0.2405
2017,4,6,18,0.29135
2017,4,7,6,0.35615
2017,4,7,18,0.33565
2017,4,8,6,0.36135
2017,4,8,18,0.3692
2017,4,9,6,0.34415
2017,4,9,18,0.33275
2017,4,10,6,0.31975
2017,4,10,18,0.31335
2017,4,11,6,0.30545
2017,4,11,18,0.30295
2017,4,12,6,0.29445
2017,4,12,18,0.29355
2017,4,13,6,0.3517
2017,4,13,18,0.32725
2017,4,14,6,0.31355
2017,4,14,18,0.30265
2017,4,15,6,0.29135
2017,4,15,18,0.29275
2017,4,16,6,0.2809
2017,4,16,18,0.379
2017,4,17,6,0.36225
2017,4,17,18,0.36925
2017,4,18,6,0.3799
2017,4,18,18,0.34695
2017,4,19,6,0.3327
2017,4,19,18,0.31845
2017,4,20,6,0.3132
2017,4,20,18,0.30755
2017,4,21,6,0.29635
2017,4,21,18,0.29715
2017,4,22,6,0.2839
2017,4,22,18,0.2831
2017,4,23,6,0.2729
2017,4,23,18,0.27225
2017,4,24,6,0.2611
2017,4,24,18,0.26135
2017,4,25,6,0.25455
2017,4,25,18,0.2574
2017,4,26,6,0.2501
2017,4,26,18,0.25385
2017,4,27,6,0.24905
2017,4,27,18,0.24875
2017,4,28,6,0.2374
2017,4,28,18,0.23925
2017,4,29,6,0.2267
2017,4,29,18,0.2327
2017,4,30,6,0.22075
2017,4,30,18,0.22845
2017,5,1,6,0.2165
2017,5,1,18,0.2742
2017,5,2,6,0.27245
2017,5,2,18,0.26845
2017,5,3,6,0.25565
2017,5,3,18,0.2538
2017,5,4,6,0.24155
2017,5,4,18,0.236
2017,5,5,6,0.22365
2017,5,5,18,0.2231
2017,5,6,6,0.21125
2017,5,6,18,0.21455
2017,5,7,6,0.20575
2017,5,7,18,0.2097
2017,5,8,6,0.1999
2017,5,8,18,0.20645
2017,5,9,6,0.19475
2017,5,9,18,0.2027
2017,5,10,6,0.18985
2017,5,10,18,0.19555
2017,5,11,6,0.1853
2017,5,11,18,0.19315
2017,5,12,6,0.1839
2017,5,12,18,0.18875
2017,5,13,6,0.1812
2017,5,13,18,0.1872
2017,5,14,6,0.17625
2017,5,14,18,0.1843
2017,5,15,6,0.2026
2017,5,15,18,0.19905
2017,5,16,6,0.21125
2017,5,16,18,0.1998
2017,5,17,6,0.19245
2017,5,17,18,0.1925
2017,5,18,6,0.18235
2017,5,18,18,0.1847
2017,5,19,6,0.17365
2017,5,19,18,0.1812
2017,5,20,6,0.17085
2017,5,20,18,0.1768
2017,5,21,6,0.16735
2017,5,21,18,0.1751
2017,5,22,6,0.1651
2017,5,22,18,0.1725
2017,5,23,6,0.16195
2017,5,23,18,0.16885
2017,5,24,6,0.1588
2017,5,24,18,0.1628
2017,5,25,6,0.15415
2017,5,25,18,0.15975
2017,5,26,6,0.15075
2017,5,26,18,0.15685
2017,5,27,6,0.14995
2017,5,27,18,0.15815
2017,5,28,6,0.1491
2017,5,28,18,0.15755
2017,5,29,6,0.1488
2017,5,29,18,0.15625
2017,5,30,6,0.1476
2017,5,30,18,0.15255
2017,5,31,6,0.15575
2017,5,31,18,0.1776
2017,6,1,6,0.1697
2017,6,1,18,0.17975
2017,6,2,6,0.16845
2017,6,2,18,0.1783
2017,6,3,6,0.1681
2017,6,3,18,0.17375
2017,6,4,6,0.16275
2017,6,4,18,0.16965
2017,6,5,6,0.15785
2017,6,5,18,0.16605
2017,6,6,6,0.1549
2017,6,6,18,0.16135
2017,6,7,6,0.15135
2017,6,7,18,0.15605
2017,6,8,6,0.14825
2017,6,8,18,0.181
2017,6,9,6,0.1977
2017,6,9,18,0.18985
2017,6,10,6,0.2017
2017,6,10,18,0.18635
2017,6,11,6,0.1749
2017,6,11,18,0.1705
2017,6,12,6,0.1662
2017,6,12,18,0.16765
2017,6,13,6,0.16185
2017,6,13,18,0.167
2017,6,14,6,0.15795
2017,6,14,18,0.16525
2017,6,15,6,0.15485
2017,6,15,18,0.16305
2017,6,16,6,0.1538
2017,6,16,18,0.16285
2017,6,17,6,0.15375
2017,6,17,18,0.1599
2017,6,18,6,0.1513
2017,6,18,18,0.15845
2017,6,19,6,0.1503
2017,6,19,18,0.18805
2017,6,20,6,0.17645
2017,6,20,18,0.20225
2017,6,21,6,0.20125
2017,6,21,18,0.19735
2017,6,22,6,0.18845
2017,6,22,18,0.19495
2017,6,23,6,0.20155
2017,6,23,18,0.1924
2017,6,24,6,0.18145
2017,6,24,18,0.19245
2017,6,25,6,0.1825
2017,6,25,18,0.16745
2017,6,26,6,0.1599
2017,6,26,18,0.1862
2017,6,27,6,0.17715
2017,6,27,18,0.21835
2017,6,28,6,0.19875
2017,6,28,18,0.2003
2017,6,29,6,0.2033
2017,6,29,18,0.1835
2017,6,30,6,0.17065
2017,6,30,18,0.1606
2017,7,1,6,0.1519
2017,7,1,18,0.1993
2017,7,2,6,0.1857
2017,7,2,18,0.1652
2017,7,3,6,0.15505
2017,7,3,18,0.19105
2017,7,4,6,0.17795
2017,7,4,18,0.15935
2017,7,5,6,0.1518
2017,7,5,18,0.1911
2017,7,6,6,0.1833
2017,7,6,18,0.1956
2017,7,7,6,0.18085
2017,7,7,18,0.19265
2017,7,8,6,0.17915
2017,7,8,18,0.1903
2017,7,9,6,0.1782
2017,7,9,18,0.15835
2017,7,10,6,0.1494
2017,7,10,18,0.2026
2017,7,11,6,0.1844
2017,7,11,18,0.18345
2017,7,12,6,0.1721
2017,7,12,18,0.18565
2017,7,13,6,0.17325
2017,7,13,18,0.1855
2017,7,14,6,0.17285
2017,7,14,18,0.1533
2017,7,15,6,0.14515
2017,7,15,18,0.1479
2017,7,16,6,0.13985
2017,7,16,18,0.14585
2017,7,17,6,0.13605
2017,7,17,18,0.1971
2017,7,18,6,0.18515
2017,7,18,18,0.1828
2017,7,19,6,0.16885
2017,7,19,18,0.1779
2017,7,20,6,0.1655
2017,7,20,18,0.14785
2017,7,21,6,0.13825
2017,7,21,18,0.18265
2017,7,22,6,0.18255
2017,7,22,18,0.1559
2017,7,23,6,0.14665
2017,7,23,18,0.1446
2017,7,24,6,0.16865
2017,7,24,18,0.17085
2017,7,25,6,0.18195
2017,7,25,18,0.1659
2017,7,26,6,0.1795
2017,7,26,18,0.16695
2017,7,27,6,0.1569
2017,7,27,18,0.1467
2017,7,28,6,0.13695
2017,7,28,18,0.14105
2017,7,29,6,0.1491
2017,7,29,18,0.17955
2017,7,30,6,0.1671
2017,7,30,18,0.1477
2017,7,31,6,0.13825
2017,7,31,18,0.17
2017,8,1,6,0.15495
2017,8,1,18,0.1718
2017,8,2,6,0.15855
2017,8,2,18,0.1759
2017,8,3,6,0.16095
2017,8,3,18,0.16735
2017,8,4,6,0.1529
2017,8,4,18,0.15775
2017,8,5,6,0.14785
2017,8,5,18,0.15535
2017,8,6,6,0.14115
2017,8,6,18,0.1374
2017,8,7,6,0.12855
2017,8,7,18,0.18825
2017,8,8,6,0.17235
2017,8,8,18,0.1723
2017,8,9,6,0.1601
2017,8,9,18,0.1667
2017,8,10,6,0.15495
2017,8,10,18,0.1531
2017,8,11,6,0.1432
2017,8,11,18,0.1591
2017,8,12,6,0.14645
2017,8,12,18,0.1491
2017,8,13,6,0.13645
2017,8,13,18,0.1339
2017,8,14,6,0.1275
2017,8,14,18,0.17465
2017,8,15,6,0.16125
2017,8,15,18,0.19675
2017,8,16,6,0.1763
2017,8,16,18,0.15575
2017,8,17,6,0.14595
2017,8,17,18,0.15735
2017,8,18,6,0.14535
2017,8,18,18,0.15495
2017,8,19,6,0.1437
2017,8,19,18,0.154
2017,8,20,6,0.1629
2017,8,20,18,0.13705
2017,8,21,6,0.1285
2017,8,21,18,0.14595
2017,8,22,6,0.1373
2017,8,22,18,0.1353
2017,8,23,6,0.12695
2017,8,23,18,0.1899
2017,8,24,6,0.1696
2017,8,24,18,0.1727
2017,8,25,6,0.1721
2017,8,25,18,0.15565
2017,8,26,6,0.1455
2017,8,26,18,0.1765
2017,8,27,6,0.15855
2017,8,27,18,0.13835
2017,8,28,6,0.1285
2017,8,28,18,0.17345
2017,8,29,6,0.1716
2017,8,29,18,0.14965
2017,8,30,6,0.13765
2017,8,30,18,0.1618
2017,8,31,6,0.1465
2017,8,31,18,0.1337
2017,9,1,6,0.1245
2017,9,1,18,0.1328
2017,9,2,6,0.12375
2017,9,2,18,0.13385
2017,9,3,6,0.1243
2017,9,3,18,0.13245
2017,9,4,6,0.123
2017,9,4,18,0.1274
2017,9,5,6,0.1208
2017,9,5,18,0.17205
2017,9,6,6,0.2045
2017,9,6,18,0.2008
2017,9,7,6,0.2008
2017,9,7,18,0.21275
2017,9,8,6,0.19915
2017,9,8,18,0.18415
2017,9,9,6,0.1748
2017,9,9,18,0.16615
2017,9,10,6,0.1573
2017,9,10,18,0.1492
2017,9,11,6,0.14085
2017,9,11,18,0.1422
2017,9,12,6,0.13315
2017,9,12,18,0.13745
2017,9,13,6,0.1294
2017,9,13,18,0.1334
2017,9,14,6,0.12615
2017,9,14,18,0.1306
2017,9,15,6,0.12155
2017,9,15,18,0.12985
2017,9,16,6,0.12
2017,9,16,18,0.1281
2017,9,17,6,0.1187
2017,9,17,18,0.12595
2017,9,18,6,0.11605
2017,9,18,18,0.1232
2017,9,19,6,0.1138
2017,9,19,18,0.1211
2017,9,20,6,0.1126
2017,9,20,18,0.1188
2017,9,21,6,0.10895
2017,9,21,18,0.11745
2017,9,22,6,0.10835
2017,9,22,18,0.11785
2017,9,23,6,0.10695
2017,9,23,18,0.1176
2017,9,24,6,0.1056
2017,9,24,18,0.1174
2017,9,25,6,0.10605
2017,9,25,18,0.11705
2017,9,26,6,0.10595
2017,9,26,18,0.117
2017,9,27,6,0.10615
2017,9,27,18,0.11635
2017,9,28,6,0.10565
2017,9,28,18,0.1155
2017,9,29,6,0.1042
2017,9,29,18,0.11265
2017,9,30,6,0.10405
2017,9,30,18,0.1134
2017,10,1,6,0.10225
2017,10,1,18,0.11105
2017,10,2,6,0.10165
2017,10,2,18,0.1079
2017,10,3,6,0.09735
2017,10,3,18,0.10735
2017,10,4,6,0.0986
2017,10,4,18,0.1081
2017,10,5,6,0.0987
2017,10,5,18,0.109
2017,10,6,6,0.09815
2017,10,6,18,0.10855
2017,10,7,6,0.09885
2017,10,7,18,0.10805
2017,10,8,6,0.09835
2017,10,8,18,0.10645
2017,10,9,6,0.09815
2017,10,9,18,0.10495
2017,10,10,6,0.0963
2017,10,10,18,0.10595
2017,10,11,6,0.0956
2017,10,11,18,0.17845
2017,10,12,6,0.1595
2017,10,12,18,0.15325
2017,10,13,6,0.16595
2017,10,13,18,0.17835
2017,10,14,6,0.16155
2017,10,14,18,0.1565
2017,10,15,6,0.1445
2017,10,15,18,0.14125
2017,10,16,6,0.12975
2017,10,16,18,0.13005
2017,10,17,6,0.1209
2017,10,17,18,0.1239
2017,10,18,6,0.11395
2017,10,18,18,0.1196
2017,10,19,6,0.11205
2017,10,19,18,0.11695
2017,10,20,6,0.15225
2017,10,20,18,0.16175
2017,10,21,6,0.15495
2017,10,21,18,0.1639
2017,10,22,6,0.1541
2017,10,22,18,0.16315
2017,10,23,6,0.1555
2017,10,23,18,0.2209
2017,10,24,6,0.20665
2017,10,24,18,0.2018
2017,10,25,6,0.19285
2017,10,25,18,0.2027
2017,10,26,6,0.1886
2017,10,26,18,0.18365
2017,10,27,6,0.17285
2017,10,27,18,0.1704
2017,10,28,6,0.1593
2017,10,28,18,0.1617
2017,10,29,6,0.15245
2017,10,29,18,0.1565
2017,10,30,6,0.1473
2017,10,30,18,0.14925
2017,10,31,6,0.1394
2017,10,31,18,0.1455
2017,11,1,6,0.13785
2017,11,1,18,0.14325
2017,11,2,6,0.135
2017,11,2,18,0.13875
2017,11,3,6,0.13665
2017,11,3,18,0.137
2017,11,4,6,0.13445
2017,11,4,18,0.135
2017,11,5,6,0.1305
2017,11,5,18,0.1332
2017,11,6,6,0.12705
2017,11,6,18,0.1327
2017,11,7,6,0.12475
2017,11,7,18,0.13175
2017,11,8,6,0.12705
2017,11,8,18,0.1313
2017,11,9,6,0.1548
2017,11,9,18,0.1652
2017,11,10,6,0.1628
2017,11,10,18,0.1695
2017,11,11,6,0.16285
2017,11,11,18,0.22695
2017,11,12,6,0.2148
2017,11,12,18,0.21355
2017,11,13,6,0.20535
2017,11,13,18,0.20745
2017,11,14,6,0.2148
2017,11,14,18,0.2143
2017,11,15,6,0.2101
2017,11,15,18,0.2213
2017,11,16,6,0.34295
2017,11,16,18,0.36615
2017,11,17,6,0.3313
2017,11,17,18,0.3142
2017,11,18,6,0.30305
2017,11,18,18,0.303
2017,11,19,6,0.2937
2017,11,19,18,0.2951
2017,11,20,6,0.29265
2017,11,20,18,0.2922
2017,11,21,6,0.2884
2017,11,21,18,0.2873
2017,11,22,6,0.2814
2017,11,22,18,0.2848
2017,11,23,6,0.27975
2017,11,23,18,0.28175
2017,11,24,6,0.2757
2017,11,24,18,0.2788
2017,11,25,6,0.27425
2017,11,25,18,0.27425
2017,11,26,6,0.27025
2017,11,26,18,0.3182
2017,11,27,6,0.34
2017,11,27,18,0.3178
2017,11,28,6,0.3042
2017,11,28,18,0.3085
2017,11,29,6,0.30105
2017,11,29,18,0.3021
2017,11,30,6,0.29585
2017,11,30,18,0.2972
2017,12,1,6,0.29045
2017,12,1,18,0.29125
2017,12,2,6,0.28555
2017,12,2,18,0.28815
2017,12,3,6,0.2871
2017,12,3,18,0.28545
2017,12,4,6,0.2784
2017,12,4,18,0.27935
2017,12,5,6,0.2717
2017,12,5,18,0.27255
2017,12,6,6,0.26625
2017,12,6,18,0.26885
2017,12,7,6,0.26235
2017,12,7,18,0.26445
2017,12,8,6,0.2596
2017,12,8,18,0.2626
2017,12,9,6,0.2547
2017,12,9,18,0.25855
2017,12,10,6,0.2528
2017,12,10,18,0.2567
2017,12,11,6,0.2505
2017,12,11,18,0.25275
2017,12,12,6,0.2461
2017,12,12,18,0.25045
2017,12,13,6,0.24275
2017,12,13,18,0.24715
2017,12,14,6,0.24185
2017,12,14,18,0.24615
2017,12,15,6,0.23855
2017,12,15,18,0.26205
2017,12,16,6,0.25595
2017,12,16,18,0.25935
2017,12,17,6,0.25035
2017,12,17,18,0.2528
2017,12,18,6,0.24505
2017,12,18,18,0.24985
2017,12,19,6,0.2437
2017,12,19,18,0.24885
2017,12,20,6,0.31315
2017,12,20,18,0.28955
2017,12,21,6,0.27805
2017,12,21,18,0.2785
2017,12,22,6,0.27045
2017,12,22,18,0.27345
2017,12,23,6,0.26805
2017,12,23,18,0.27015
2017,12,24,6,0.26455
2017,12,24,18,0.26605
2017,12,25,6,0.25985
2017,12,25,18,0.26235
2017,12,26,6,0.25445
2017,12,26,18,0.2594
2017,12,27,6,0.2511
2017,12,27,18,0.254
2017,12,28,6,0.2469
2017,12,28,18,0.2512
2017,12,29,6,0.2433
2017,12,29,18,0.2475
2017,12,30,6,0.24045
2017,12,30,18,0.2443
2017,12,31,6,0.23825
2017,12,31,18,0.24305
2018,1,1,6,0.2361
2018,1,1,18,0.2398
2018,1,2,6,0.23405
2018,1,2,18,0.2381
2018,1,3,6,0.2338
2018,1,3,18,0.23705
2018,1,4,6,0.27615
2018,1,4,18,0.2701
2018,1,5,6,0.2641
2018,1,5,18,0.26995
2018,1,6,6,0.31645
2018,1,6,18,0.30585
2018,1,7,6,0.29315
2018,1,7,18,0.29315
2018,1,8,6,0.29575
2018,1,8,18,0.36695
2018,1,9,6,0.3691
2018,1,9,18,0.36225
2018,1,10,6,0.34435
2018,1,10,18,0.3335
2018,1,11,6,0.3244
2018,1,11,18,0.32205
2018,1,12,6,0.31485
2018,1,12,18,0.3142
2018,1,13,6,0.3118
2018,1,13,18,0.31245
2018,1,14,6,0.3105
2018,1,14,18,0.30865
2018,1,15,6,0.3047
2018,1,15,18,0.30585
2018,1,16,6,0.309
2018,1,16,18,0.31
2018,1,17,6,0.30835
2018,1,17,18,0.30795
2018,1,18,6,0.30535
2018,1,18,18,0.31485
2018,1,19,6,0.34125
2018,1,19,18,0.3286
2018,1,20,6,0.3152
2018,1,20,18,0.3143
2018,1,21,6,0.30635
2018,1,21,18,0.30825
2018,1,22,6,0.3291
2018,1,22,18,0.3394
2018,1,23,6,0.33055
2018,1,23,18,0.3264
2018,1,24,6,0.3142
2018,1,24,18,0.33165
2018,1,25,6,0.34215
2018,1,25,18,0.3414
2018,1,26,6,0.33025
2018,1,26,18,0.32955
2018,1,27,6,0.31985
2018,1,27,18,0.32185
2018,1,28,6,0.3109
2018,1,28,18,0.31445
2018,1,29,6,0.30605
2018,1,29,18,0.3097
2018,1,30,6,0.3036
2018,1,30,18,0.30605
2018,1,31,6,0.29675
2018,1,31,18,0.3094
2018,2,1,6,0.30035
2018,2,1,18,0.3104
2018,2,2,6,0.30045
2018,2,2,18,0.30375
2018,2,3,6,0.29465
2018,2,3,18,0.2999
2018,2,4,6,0.2907
2018,2,4,18,0.29435
2018,2,5,6,0.286
2018,2,5,18,0.2889
2018,2,6,6,0.2794
2018,2,6,18,0.28155
2018,2,7,6,0.2739
2018,2,7,18,0.27765
2018,2,8,6,0.26905
2018,2,8,18,0.27365
2018,2,9,6,0.2633
2018,2,9,18,0.2689
2018,2,10,6,0.2594
2018,2,10,18,0.25965
2018,2,11,6,0.2483
2018,2,11,18,0.2524
2018,2,12,6,0.2447
2018,2,12,18,0.24905
2018,2,13,6,0.2376
2018,2,13,18,0.2451
2018,2,14,6,0.23515
2018,2,14,18,0.28915
2018,2,15,6,0.2699
2018,2,15,18,0.2683
2018,2,16,6,0.25675
2018,2,16,18,0.27525
2018,2,17,6,0.26235
2018,2,17,18,0.2687
2018,2,18,6,0.25715
2018,2,18,18,0.25685
2018,2,19,6,0.2463
2018,2,19,18,0.2478
2018,2,20,6,0.23725
2018,2,20,18,0.2442
2018,2,21,6,0.2336
2018,2,21,18,0.23975
2018,2,22,6,0.22915
2018,2,22,18,0.2374
2018,2,23,6,0.2287
2018,2,23,18,0.23475
2018,2,24,6,0.22295
2018,2,24,18,0.2471
2018,2,25,6,0.23435
2018,2,25,18,0.24205
2018,2,26,6,0.23325
2018,2,26,18,0.33085
2018,2,27,6,0.3039
2018,2,27,18,0.2982
2018,2,28,6,0.28325
2018,2,28,18,0.2942
2018,3,1,6,0.3399
2018,3,1,18,0.3524
2018,3,2,6,0.34485
2018,3,2,18,0.35595
2018,3,3,6,0.34475
2018,3,3,18,0.3655
2018,3,4,6,0.3437
2018,3,4,18,0.33585
2018,3,5,6,0.32055
2018,3,5,18,0.32265
2018,3,6,6,0.3099
2018,3,6,18,0.3167
2018,3,7,6,0.30605
2018,3,7,18,0.3203
2018,3,8,6,0.30965
2018,3,8,18,0.30955
2018,3,9,6,0.2976
2018,3,9,18,0.3013
2018,3,10,6,0.2899
2018,3,10,18,0.2918
2018,3,11,6,0.28135
2018,3,11,18,0.28825
2018,3,12,6,0.27725
2018,3,12,18,0.281
2018,3,13,6,0.30175
2018,3,13,18,0.37445
2018,3,14,6,0.3585
2018,3,14,18,0.35735
2018,3,15,6,0.3388
2018,3,15,18,0.35245
2018,3,16,6,0.36515
2018,3,16,18,0.3498
2018,3,17,6,0.3369
2018,3,17,18,0.3321
2018,3,18,6,0.31915
2018,3,18,18,0.324
2018,3,19,6,0.31185
2018,3,19,18,0.3178
2018,3,20,6,0.3088
2018,3,20,18,0.3352
2018,3,21,6,0.3723
2018,3,21,18,0.3527
2018,3,22,6,0.3775
2018,3,22,18,0.35585
2018,3,23,6,0.33675
2018,3,23,18,0.33755
2018,3,24,6,0.32795
2018,3,24,18,0.33055
2018,3,25,6,0.32035
2018,3,25,18,0.3229
2018,3,26,6,0.3093
2018,3,26,18,0.3127
2018,3,27,6,0.30045
2018,3,27,18,0.3055
2018,3,28,6,0.29155
2018,3,28,18,0.29655
2018,3,29,6,0.28195
2018,3,29,18,0.2887
2018,3,30,6,0.2734
2018,3,30,18,0.2778
2018,3,31,6,0.2639
2018,3,31,18,0.2697
2018,4,1,6,0.25335
2018,4,1,18,0.26115
2018,4,2,6,0.24645
2018,4,2,18,0.2543
2018,4,3,6,0.2387
2018,4,3,18,0.26775
2018,4,4,6,0.25345
2018,4,4,18,0.2569
2018,4,5,6,0.24405
2018,4,5,18,0.2451
2018,4,6,6,0.3389
2018,4,6,18,0.36335
2018,4,7,6,0.39005
2018,4,7,18,0.34655
2018,4,8,6,0.32925
2018,4,8,18,0.3303
2018,4,9,6,0.31565
2018,4,9,18,0.32005
2018,4,10,6,0.30675
2018,4,10,18,0.30485
2018,4,11,6,0.29195
2018,4,11,18,0.29365
2018,4,12,6,0.2841
2018,4,12,18,0.29035
2018,4,13,6,0.2771
2018,4,13,18,0.28285
2018,4,14,6,0.26875
2018,4,14,18,0.2756
2018,4,15,6,0.2626
2018,4,15,18,0.26425
2018,4,16,6,0.25025
2018,4,16,18,0.34375
2018,4,17,6,0.325
2018,4,17,18,0.319
2018,4,18,6,0.3079
2018,4,18,18,0.3072
2018,4,19,6,0.29755
2018,4,19,18,0.3002
2018,4,20,6,0.2869
2018,4,20,18,0.29275
2018,4,21,6,0.27795
2018,4,21,18,0.2837
2018,4,22,6,0.2698
2018,4,22,18,0.2743
2018,4,23,6,0.2598
2018,4,23,18,0.2644
2018,4,24,6,0.2503
2018,4,24,18,0.2525
2018,4,25,6,0.2713
2018,4,25,18,0.30135
2018,4,26,6,0.2742
2018,4,26,18,0.27235
2018,4,27,6,0.25765
2018,4,27,18,0.2894
2018,4,28,6,0.28105
2018,4,28,18,0.2779
2018,4,29,6,0.26565
2018,4,29,18,0.266
2018,4,30,6,0.25515
2018,4,30,18,0.2587
2018,5,1,6,0.2469
2018,5,1,18,0.2502
2018,5,2,6,0.23855
2018,5,2,18,0.24385
2018,5,3,6,0.2325
2018,5,3,18,0.23825
2018,5,4,6,0.22525
2018,5,4,18,0.23165
2018,5,5,6,0.2197
2018,5,5,18,0.2239
2018,5,6,6,0.211
2018,5,6,18,0.2187
2018,5,7,6,0.2063
2018,5,7,18,0.21415
2018,5,8,6,0.201
2018,5,8,18,0.20855
2018,5,9,6,0.1965
2018,5,9,18,0.2036
2018,5,10,6,0.19105
2018,5,10,18,0.19935
2018,5,11,6,0.18625
2018,5,11,18,0.19275
2018,5,12,6,0.1813
2018,5,12,18,0.18795
2018,5,13,6,0.1768
2018,5,13,18,0.1831
2018,5,14,6,0.17265
2018,5,14,18,0.17965
2018,5,15,6,0.17005
2018,5,15,18,0.1764
2018,5,16,6,0.168
2018,5,16,18,0.17515
2018,5,17,6,0.16885
2018,5,17,18,0.18165
2018,5,18,6,0.17255
2018,5,18,18,0.18145
2018,5,19,6,0.1704
2018,5,19,18,0.17705
2018,5,20,6,0.1664
2018,5,20,18,0.1732
2018,5,21,6,0.16425
2018,5,21,18,0.17145
2018,5,22,6,0.16345
2018,5,22,18,0.16965
2018,5,23,6,0.16085
2018,5,23,18,0.16615
2018,5,24,6,0.15755
2018,5,24,18,0.1639
2018,5,25,6,0.1722
2018,5,25,18,0.2276
2018,5,26,6,0.22135
2018,5,26,18,0.2233
2018,5,27,6,0.212
2018,5,27,18,0.2186
2018,5,28,6,0.20555
2018,5,28,18,0.2126
2018,5,29,6,0.1999
2018,5,29,18,0.20675
2018,5,30,6,0.19225
2018,5,30,18,0.19725
2018,5,31,6,0.18695
2018,5,31,18,0.20065
2018,6,1,6,0.1875
2018,6,1,18,0.1912
2018,6,2,6,0.1811
2018,6,2,18,0.18665
2018,6,3,6,0.1755
2018,6,3,18,0.1824
2018,6,4,6,0.1713
2018,6,4,18,0.17545
2018,6,5,6,0.16375
2018,6,5,18,0.1699
2018,6,6,6,0.1602
2018,6,6,18,0.1656
2018,6,7,6,0.15585
2018,6,7,18,0.1625
2018,6,8,6,0.1529
2018,6,8,18,0.1606
2018,6,9,6,0.1515
2018,6,9,18,0.15605
2018,6,10,6,0.14605
2018,6,10,18,0.1534
2018,6,11,6,0.14395
2018,6,11,18,0.15225
2018,6,12,6,0.1431
2018,6,12,18,0.152
2018,6,13,6,0.14175
2018,6,13,18,0.1505
2018,6,14,6,0.14
2018,6,14,18,0.146
2018,6,15,6,0.1373
2018,6,15,18,0.14305
2018,6,16,6,0.1348
2018,6,16,18,0.1404
2018,6,17,6,0.1321
2018,6,17,18,0.13815
2018,6,18,6,0.1311
2018,6,18,18,0.13805
2018,6,19,6,0.1296
2018,6,19,18,0.13785
2018,6,20,6,0.1291
2018,6,20,18,0.1352
2018,6,21,6,0.1269
2018,6,21,18,0.1954
2018,6,22,6,0.1739
2018,6,22,18,0.1647
2018,6,23,6,0.15335
2018,6,23,18,0.15005
2018,6,24,6,0.14045
2018,6,24,18,0.14425
2018,6,25,6,0.13245
2018,6,25,18,0.1419
2018,6,26,6,0.13085
2018,6,26,18,0.1395
2018,6,27,6,0.12815
2018,6,27,18,0.187
2018,6,28,6,0.1642
2018,6,28,18,0.15135
2018,6,29,6,0.13965
2018,6,29,18,0.18885
2018,6,30,6,0.17055
2018,6,30,18,0.1549
2018,7,1,6,0.1431
2018,7,1,18,0.1421
2018,7,2,6,0.13335
2018,7,2,18,0.13735
2018,7,3,6,0.12735
2018,7,3,18,0.13495
2018,7,4,6,0.12545
2018,7,4,18,0.1308
2018,7,5,6,0.1231
2018,7,5,18,0.1318
2018,7,6,6,0.12365
2018,7,6,18,0.13
2018,7,7,6,0.1213
2018,7,7,18,0.18605
2018,7,8,6,0.191
2018,7,8,18,0.16035
2018,7,9,6,0.1459
2018,7,9,18,0.19565
2018,7,10,6,0.1916
2018,7,10,18,0.16125
2018,7,11,6,0.14865
2018,7,11,18,0.1633
2018,7,12,6,0.14905
2018,7,12,18,0.1926
2018,7,13,6,0.19105
2018,7,13,18,0.1622
2018,7,14,6,0.1504
2018,7,14,18,0.18525
2018,7,15,6,0.1679
2018,7,15,18,0.145
2018,7,16,6,0.14925
2018,7,16,18,0.15255
2018,7,17,6,0.13975
2018,7,17,18,0.17165
2018,7,18,6,0.158
2018,7,18,18,0.17345
2018,7,19,6,0.16855
2018,7,19,18,0.1415
2018,7,20,6,0.18905
2018,7,20,18,0.1486
2018,7,21,6,0.14115
2018,7,21,18,0.16105
2018,7,22,6,0.17795
2018,7,22,18,0.1425
2018,7,23,6,0.1344
2018,7,23,18,0.1479
2018,7,24,6,0.1368
2018,7,24,18,0.14125
2018,7,25,6,0.1329
2018,7,25,18,0.1416
2018,7,26,6,0.1331
2018,7,26,18,0.1393
2018,7,27,6,0.12965
2018,7,27,18,0.14335
2018,7,28,6,0.1361
2018,7,28,18,0.1419
2018,7,29,6,0.13375
2018,7,29,18,0.1327
2018,7,30,6,0.12975
2018,7,30,18,0.1442
2018,7,31,6,0.1412
2018,7,31,18,0.14075
2018,8,1,6,0.13215
2018,8,1,18,0.1422
2018,8,2,6,0.134
2018,8,2,18,0.13955
2018,8,3,6,0.1639
2018,8,3,18,0.1418
2018,8,4,6,0.1351
2018,8,4,18,0.13785
2018,8,5,6,0.12785
2018,8,5,18,0.12975
2018,8,6,6,0.1212
2018,8,6,18,0.1401
2018,8,7,6,0.14375
2018,8,7,18,0.13815
2018,8,8,6,0.13
2018,8,8,18,0.14915
2018,8,9,6,0.1742
2018,8,9,18,0.1453
2018,8,10,6,0.1445
2018,8,10,18,0.14395
2018,8,11,6,0.1589
2018,8,11,18,0.138
2018,8,12,6,0.12835
2018,8,12,18,0.1309
2018,8,13,6,0.1216
2018,8,13,18,0.1636
2018,8,14,6,0.14545
2018,8,14,18,0.15765
2018,8,15,6,0.17445
2018,8,15,18,0.1538
2018,8,16,6,0.1761
2018,8,16,18,0.14725
2018,8,17,6,0.13805
2018,8,17,18,0.15415
2018,8,18,6,0.1598
2018,8,18,18,0.1351
2018,8,19,6,0.1242
2018,8,19,18,0.1288
2018,8,20,6,0.11705
2018,8,20,18,0.16085
2018,8,21,6,0.14295
2018,8,21,18,0.1558
2018,8,22,6,0.1533
2018,8,22,18,0.1343
2018,8,23,6,0.12555
2018,8,23,18,0.1448
2018,8,24,6,0.13425
2018,8,24,18,0.12935
2018,8,25,6,0.1199
2018,8,25,18,0.1243
2018,8,26,6,0.1143
2018,8,26,18,0.12285
2018,8,27,6,0.1122
2018,8,27,18,0.1205
2018,8,28,6,0.1125
2018,8,28,18,0.12005
2018,8,29,6,0.11105
2018,8,29,18,0.1194
2018,8,30,6,0.1102
2018,8,30,18,0.11705
2018,8,31,6,0.10805
2018,8,31,18,0.11825
2018,9,1,6,0.10805
2018,9,1,18,0.11795
2018,9,2,6,0.10785
2018,9,2,18,0.1182
2018,9,3,6,0.1074
2018,9,3,18,0.1165
2018,9,4,6,0.1059
2018,9,4,18,0.1163
2018,9,5,6,0.10515
2018,9,5,18,0.11435
2018,9,6,6,0.10395
2018,9,6,18,0.1638
2018,9,7,6,0.1735
2018,9,7,18,0.2133
2018,9,8,6,0.2151
2018,9,8,18,0.1881
2018,9,9,6,0.1713
2018,9,9,18,0.16965
2018,9,10,6,0.1584
2018,9,10,18,0.1598
2018,9,11,6,0.14745
2018,9,11,18,0.1489
2018,9,12,6,0.13715
2018,9,12,18,0.141
2018,9,13,6,0.13395
2018,9,13,18,0.1375
2018,9,14,6,0.128
2018,9,14,18,0.13515
2018,9,15,6,0.1253
2018,9,15,18,0.13145
2018,9,16,6,0.12025
2018,9,16,18,0.12925
2018,9,17,6,0.1184
2018,9,17,18,0.12835
2018,9,18,6,0.1165
2018,9,18,18,0.12455
2018,9,19,6,0.1143
2018,9,19,18,0.1233
2018,9,20,6,0.1136
2018,9,20,18,0.1215
2018,9,21,6,0.11245
2018,9,21,18,0.1223
2018,9,22,6,0.11
2018,9,22,18,0.119
2018,9,23,6,0.10795
2018,9,23,18,0.1173
2018,9,24,6,0.10625
2018,9,24,18,0.1163
2018,9,25,6,0.1053
2018,9,25,18,0.115
2018,9,26,6,0.1041
2018,9,26,18,0.11765
2018,9,27,6,0.10775
2018,9,27,18,0.11605
2018,9,28,6,0.1057
2018,9,28,18,0.11335
2018,9,29,6,0.1057
2018,9,29,18,0.1135
2018,9,30,6,0.1052
2018,9,30,18,0.1133
2018,10,1,6,0.10625
2018,10,1,18,0.16285
2018,10,2,6,0.1793
2018,10,2,18,0.1822
2018,10,3,6,0.17095
2018,10,3,18,0.2156
2018,10,4,6,0.22275
2018,10,4,18,0.2256
2018,10,5,6,0.2152
2018,10,5,18,0.2155
2018,10,6,6,0.20685
2018,10,6,18,0.2025
2018,10,7,6,0.19165
2018,10,7,18,0.1899
2018,10,8,6,0.1791
2018,10,8,18,0.18405
2018,10,9,6,0.1718
2018,10,9,18,0.17645
2018,10,10,6,0.16475
2018,10,10,18,0.16935
2018,10,11,6,0.1577
2018,10,11,18,0.1617
2018,10,12,6,0.15065
2018,10,12,18,0.15635
2018,10,13,6,0.1462
2018,10,13,18,0.15025
2018,10,14,18,0.144133333
2018,10,15,18,0.1398
2018,11,2,18,0.115466667
2018,11,3,18,0.1143
2018,11,4,18,0.113
2018,11,5,18,0.10985
2018,11,6,18,0.10675
2018,11,7,18,0.10645
2018,11,8,18,0.10385
2018,11,9,18,0.1028
2018,11,12,18,0.1007
2018,11,13,6,0.09375
2018,11,13,18,0.10035
2018,11,14,6,0.09285
2018,11,14,18,0.1001
2018,11,15,6,0.0924
2018,11,15,18,0.0984
2018,11,16,6,0.09255
2018,11,16,18,0.0991
2018,11,17,6,0.0924
2018,11,17,18,0.09895
2018,11,18,6,0.09265
2018,11,18,18,0.0992
2018,11,19,6,0.09235
2018,11,19,18,0.09845
2018,11,20,6,0.09235
2018,11,20,18,0.0994
2018,11,21,6,0.09495
2018,11,21,18,0.3032
2018,11,22,6,0.3373
2018,11,22,18,0.32615
2018,11,23,6,0.3502
2018,11,23,18,0.3686
2018,11,24,6,0.34855
2018,11,24,18,0.33335
2018,11,25,6,0.32655
2018,11,25,18,0.32255
2018,11,26,6,0.3138
2018,11,26,18,0.3151
2018,11,27,6,0.3087
2018,11,27,18,0.32165
2018,11,28,6,0.3514
2018,11,28,18,0.3322
2018,11,29,6,0.358
2018,11,29,18,0.36195
2018,11,30,6,0.3414
2018,11,30,18,0.3332
2018,12,1,6,0.3761
2018,12,1,18,0.34425
2018,12,2,6,0.3314
2018,12,2,18,0.32945
2018,12,3,6,0.32165
2018,12,3,18,0.3216
2018,12,4,6,0.32015
2018,12,4,18,0.3189
2018,12,5,6,0.34255
2018,12,5,18,0.3342
2018,12,6,6,0.3275
2018,12,6,18,0.32375
2018,12,7,6,0.31705
2018,12,7,18,0.3179
2018,12,8,6,0.31125
2018,12,8,18,0.3186
2018,12,9,6,0.31425
2018,12,9,18,0.315
2018,12,10,6,0.3116
2018,12,10,18,0.3154
2018,12,11,6,0.3105
2018,12,11,18,0.313
2018,12,12,6,0.3081
2018,12,12,18,0.3072
2018,12,13,6,0.30115
2018,12,13,18,0.3035
2018,12,14,6,0.2977
2018,12,14,18,0.2999
2018,12,15,6,0.295
2018,12,15,18,0.29795
2018,12,16,6,0.29235
2018,12,16,18,0.35265
2018,12,17,6,0.36795
2018,12,17,18,0.34465
2018,12,18,6,0.3339
2018,12,18,18,0.3344
2018,12,19,6,0.3271
2018,12,19,18,0.33015
2018,12,20,6,0.3244
2018,12,20,18,0.3269
2018,12,21,6,0.3257
2018,12,21,18,0.32735
2018,12,25,18,0.3464
2018,12,26,18,0.3331
2018,12,27,18,0.3233
2018,12,28,18,0.31425
2018,12,29,18,0.30975
2018,12,30,18,0.3061
2018,12,31,18,0.2985
2019,1,1,18,0.29385
2019,1,2,18,0.29305
2019,1,3,18,0.29
2019,1,4,18,0.288
2019,1,7,18,0.346333333
2019,1,10,18,0.3484
2019,1,11,18,0.33895
2019,1,12,18,0.33245
2019,1,13,6,0.32395
2019,1,13,18,0.32615
2019,1,14,6,0.31985
2019,1,18,18,0.3544
2019,1,19,18,0.34435
2019,1,20,18,0.35805
2019,1,21,18,0.34345
2019,1,22,6,0.3329
2019,1,22,18,0.33425
2019,1,23,6,0.3259
2019,1,23,18,0.32745
2019,1,24,6,0.31915
2019,1,24,18,0.321
2019,1,25,6,0.31215
2019,1,25,18,0.3171
2019,1,26,6,0.30835
2019,1,26,18,0.3128
2019,1,27,6,0.30535
2019,1,27,18,0.30995
2019,1,28,6,0.30335
2019,1,28,18,0.30745
2019,1,29,6,0.3017
2019,1,29,18,0.30505
2019,1,30,6,0.2975
2019,1,30,18,0.30245
2019,1,31,6,0.29465
2019,1,31,18,0.29965
2019,2,1,6,0.29245
2019,2,1,18,0.29495
2019,2,2,6,0.35815
2019,2,2,18,0.35405
2019,2,3,6,0.3649
2019,2,3,18,0.365
2019,2,5,18,0.34865
2019,2,6,18,0.339
2019,2,7,18,0.33165
2019,2,8,18,0.32585
2019,2,10,18,0.3519
2019,2,11,18,0.34005
2019,2,18,18,0.343
2019,2,19,18,0.3372
2019,2,20,18,0.3297
2019,2,21,6,0.32805
2019,2,21,18,0.32425
2019,2,22,6,0.3139
2019,2,22,18,0.31935
2019,2,23,6,0.3096
2019,2,23,18,0.31605
2019,2,24,6,0.30885
2019,2,24,18,0.31135
2019,2,25,6,0.305
2019,2,25,18,0.3435
2019,2,26,6,0.3824
2019,2,26,18,0.37065
2019,2,27,6,0.3801
2019,2,27,18,0.3644
2019,2,28,6,0.36825
2019,2,28,18,0.35685
2019,3,1,6,0.3481
2019,3,1,18,0.3474
2019,3,2,6,0.3706
2019,3,2,18,0.3738
2019,3,3,6,0.37765
2019,3,3,18,0.37495
2019,3,4,6,0.36165
2019,3,4,18,0.35485
2019,3,5,6,0.34655
2019,3,5,18,0.3613
2019,3,6,6,0.37585
2019,3,6,18,0.3652
2019,3,7,6,0.3653
2019,3,7,18,0.36185
2019,3,8,6,0.35265
2019,3,8,18,0.3451
2019,3,9,6,0.33495
2019,3,9,18,0.33405
2019,3,10,6,0.32915
2019,3,10,18,0.32935
2019,3,11,6,0.3175
2019,3,11,18,0.31925
2019,3,12,6,0.30615
2019,3,12,18,0.3093
2019,3,13,6,0.2973
2019,3,13,18,0.29705
2019,3,14,6,0.2861
2019,3,14,18,0.29375
2019,3,15,6,0.2814
2019,3,15,18,0.2869
2019,3,16,6,0.27465
2019,3,16,18,0.2816
2019,3,17,6,0.26765
2019,3,17,18,0.2756
2019,3,18,6,0.26255
2019,3,18,18,0.2717
2019,3,19,6,0.2586
2019,3,19,18,0.26575
2019,3,20,6,0.2839
2019,3,20,18,0.31625
2019,3,21,6,0.3023
2019,3,21,18,0.3013
2019,3,22,6,0.28965
2019,3,22,18,0.2911
2019,3,23,6,0.3644
2019,3,23,18,0.3416
2019,3,24,6,0.327
2019,3,24,18,0.32855
2019,3,25,6,0.31775
2019,3,25,18,0.3174
2019,3,26,6,0.32695
2019,3,26,18,0.32545
2019,3,27,6,0.31555
2019,3,27,18,0.34595
2019,3,28,6,0.32995
2019,3,28,18,0.32925
2019,3,29,6,0.3192
2019,3,29,18,0.3204
2019,3,30,6,0.30755
2019,3,30,18,0.3125
2019,3,31,6,0.2978
2019,3,31,18,0.3059
2019,4,1,6,0.2931
2019,4,1,18,0.3
2019,4,2,6,0.3053
2019,4,2,18,0.3368
2019,4,3,6,0.32445
2019,4,3,18,0.32415
2019,4,4,6,0.31625
2019,4,4,18,0.3161
2019,4,5,6,0.30545
2019,4,5,18,0.3246
2019,4,6,6,0.3153
2019,4,6,18,0.3163
2019,4,7,6,0.3059
2019,4,7,18,0.3103
2019,4,8,6,0.29945
2019,4,8,18,0.30165
2019,4,9,6,0.289
2019,4,9,18,0.2896
2019,4,10,6,0.27475
2019,4,10,18,0.27785
2019,4,11,6,0.266
2019,4,11,18,0.2698
2019,4,12,6,0.2583
2019,4,12,18,0.265
2019,4,13,6,0.2504
2019,4,13,18,0.2606
2019,4,14,6,0.24645
2019,4,14,18,0.25225
2019,4,15,6,0.2398
2019,4,15,18,0.26175
2019,4,16,6,0.30935
2019,4,16,18,0.2932
2019,4,17,6,0.27905
2019,4,17,18,0.2992
2019,4,18,6,0.2842
2019,4,18,18,0.2869
2019,4,19,6,0.2723
2019,4,19,18,0.27555
2019,4,20,6,0.2599
2019,4,20,18,0.2611
2019,4,21,6,0.24805
2019,4,21,18,0.25415
2019,4,22,6,0.23975
2019,4,22,18,0.24865
2019,4,23,6,0.2323
2019,4,23,18,0.24325
2019,4,24,6,0.2281
2019,4,24,18,0.23685
2019,4,25,6,0.22125
2019,4,25,18,0.2304
2019,4,26,6,0.2119
2019,4,26,18,0.2587
2019,4,27,6,0.23115
2019,4,27,18,0.2483
2019,4,28,6,0.2284
2019,4,28,18,0.23175
2019,4,29,6,0.21685
2019,4,29,18,0.2236
2019,4,30,6,0.20915
2019,4,30,18,0.22605
2019,5,1,6,0.2143
2019,5,1,18,0.21915
2019,5,2,6,0.2047
2019,5,2,18,0.21165
2019,5,3,6,0.1989
2019,5,3,18,0.206
2019,5,4,6,0.19075
2019,5,4,18,0.1993
2019,5,5,6,0.1859
2019,5,5,18,0.19245
2019,5,6,6,0.1823
2019,5,6,18,0.18795
2019,5,7,6,0.17775
2019,5,7,18,0.1877
2019,5,8,6,0.17795
2019,5,8,18,0.18595
2019,5,9,6,0.1752
2019,5,9,18,0.18265
2019,5,10,6,0.1713
2019,5,10,18,0.1807
2019,5,11,6,0.16945
2019,5,11,18,0.1775
2019,5,12,6,0.1666
2019,5,12,18,0.17485
2019,5,13,6,0.1632
2019,5,13,18,0.1708
2019,5,14,6,0.1601
2019,5,14,18,0.1674
2019,5,15,6,0.15975
2019,5,15,18,0.16235
2019,5,16,6,0.2847
2019,5,16,18,0.29875
2019,5,17,6,0.2945
2019,5,17,18,0.28435
2019,5,18,6,0.271
2019,5,18,18,0.3495
2019,5,19,6,0.34515
2019,5,19,18,0.34205
2019,5,20,6,0.32395
2019,5,20,18,0.3143
2019,5,21,6,0.3129
2019,5,21,18,0.3028
2019,5,22,6,0.29855
2019,5,22,18,0.29395
2019,5,23,6,0.2854
2019,5,23,18,0.2796
2019,5,24,6,0.27055
2019,5,24,18,0.26935
2019,5,25,6,0.2573
2019,5,25,18,0.25785
2019,5,26,6,0.2478
2019,5,26,18,0.24885
2019,5,27,6,0.24575
2019,5,27,18,0.24835
2019,5,28,6,0.24275
2019,5,28,18,0.24535
2019,5,29,6,0.23585
2019,5,29,18,0.2407
2019,5,30,6,0.2287
2019,5,30,18,0.2301
2019,5,31,6,0.2204
2019,5,31,18,0.23255
2019,6,1,6,0.2211
2019,6,1,18,0.2327
2019,6,2,6,0.22205
2019,6,2,18,0.22075
2019,6,3,6,0.2107
2019,6,3,18,0.2233
2019,6,4,6,0.21245
2019,6,4,18,0.21355
2019,6,5,6,0.2063
2019,6,5,18,0.2093
2019,6,6,6,0.19905
2019,6,6,18,0.19985
2019,6,7,6,0.1911
2019,6,7,18,0.19485
2019,6,8,6,0.18555
2019,6,8,18,0.1912
2019,6,9,6,0.18225
2019,6,9,18,0.18885
2019,6,10,6,0.18135
2019,6,10,18,0.18705
2019,6,11,6,0.1786
2019,6,11,18,0.1851
2019,6,12,6,0.1775
2019,6,12,18,0.19005
2019,6,13,6,0.2004
2019,6,13,18,0.2067
2019,6,14,6,0.19445
2019,6,14,18,0.18865
2019,6,15,6,0.1778
2019,6,15,18,0.1788
2019,6,16,6,0.17045
2019,6,16,18,0.1749
2019,6,17,6,0.16725
2019,6,17,18,0.17455
2019,6,18,6,0.1658
2019,6,18,18,0.1731
2019,6,19,6,0.16275
2019,6,19,18,0.1676
2019,6,20,6,0.159
2019,6,20,18,0.16405
2019,6,21,6,0.15445
2019,6,21,18,0.1595
2019,6,22,6,0.15115
2019,6,22,18,0.15835
2019,6,23,6,0.1506
2019,6,23,18,0.15635
2019,6,24,6,0.14725
2019,6,24,18,0.1533
2019,6,25,6,0.14525
2019,6,25,18,0.15065
2019,6,26,6,0.13945
2019,6,26,18,0.1443
2019,6,27,6,0.136
2019,6,27,18,0.14235
2019,6,28,6,0.13375
2019,6,28,18,0.1393
2019,6,29,6,0.17235
2019,6,29,18,0.1726
2019,6,30,6,0.1609
2019,6,30,18,0.1568
2019,7,1,6,0.1468
2019,7,1,18,0.14845
2019,7,2,6,0.13925
2019,7,2,18,0.182
2019,7,3,6,0.16935
2019,7,3,18,0.17525
2019,7,4,6,0.16355
2019,7,4,18,0.15865
2019,7,5,6,0.17475
2019,7,5,18,0.1647
2019,7,6,6,0.158
2019,7,6,18,0.17785
2019,7,7,6,0.1668
2019,7,7,18,0.1794
2019,7,8,6,0.1756
2019,7,8,18,0.17275
2019,7,9,6,0.16595
2019,7,9,18,0.1883
2019,7,10,6,0.19085
2019,7,10,18,0.1873
2019,7,11,6,0.1769
2019,7,11,18,0.18925
2019,7,12,6,0.19915
2019,7,12,18,0.1845
2019,7,13,6,0.17525
2019,7,13,18,0.1956
2019,7,14,6,0.1838
2019,7,14,18,0.17125
2019,7,15,6,0.18695
2019,7,15,18,0.1785
2019,7,16,6,0.16925
2019,7,16,18,0.1915
2019,7,17,6,0.17765
2019,7,17,18,0.19375
2019,7,18,6,0.1942
2019,7,18,18,0.1807
2019,7,19,6,0.1744
2019,7,19,18,0.1776
2019,7,20,6,0.1733
2019,7,20,18,0.17865
2019,7,21,6,0.1682
2019,7,21,18,0.1596
2019,7,22,6,0.1518
2019,7,22,18,0.18195
2019,7,23,6,0.16965
2019,7,23,18,0.18145
2019,7,24,6,0.1684
2019,7,24,18,0.1772
2019,7,25,6,0.1669
2019,7,25,18,0.17315
2019,7,26,6,0.1769
2019,7,26,18,0.1581
2019,7,27,6,0.1485
2019,7,27,18,0.17365
2019,7,28,6,0.16255
2019,7,28,18,0.1494
2019,7,29,6,0.14045
2019,7,29,18,0.1676
2019,7,30,6,0.1702
2019,7,30,18,0.15465
2019,7,31,6,0.14305
2019,7,31,18,0.1656
2019,8,1,6,0.1567
2019,8,1,18,0.15905
2019,8,2,6,0.15105
2019,8,2,18,0.17735
2019,8,3,6,0.16335
2019,8,3,18,0.15775
2019,8,4,6,0.15025
2019,8,4,18,0.1478
2019,8,5,6,0.13835
2019,8,5,18,0.16135
2019,8,6,6,0.1488
2019,8,6,18,0.16125
2019,8,7,6,0.1486
2019,8,7,18,0.1721
2019,8,8,6,0.15635
2019,8,8,18,0.1755
2019,8,9,6,0.1638
2019,8,9,18,0.16065
2019,8,10,6,0.15285
2019,8,10,18,0.15415
2019,8,11,6,0.14485
2019,8,11,18,0.13915
2019,8,12,6,0.12875
2019,8,12,18,0.17285
2019,8,13,6,0.16725
2019,8,13,18,0.14795
2019,8,14,6,0.138
2019,8,14,18,0.17625
2019,8,15,6,0.1702
2019,8,15,18,0.1459
2019,8,16,6,0.13595
2019,8,16,18,0.1734
2019,8,17,6,0.16575
2019,8,17,18,0.1408
2019,8,18,6,0.12915
2019,8,18,18,0.13215
2019,8,19,6,0.12305
2019,8,19,18,0.16745
2019,8,20,6,0.16425
2019,8,20,18,0.14595
2019,8,21,6,0.1366
2019,8,21,18,0.17075
2019,8,22,6,0.15705
2019,8,22,18,0.14075
2019,8,23,6,0.1309
2019,8,23,18,0.1352
2019,8,24,6,0.1264
2019,8,24,18,0.16645
2019,8,25,6,0.1484
2019,8,25,18,0.13365
2019,8,26,6,0.12395
2019,8,26,18,0.131
2019,8,27,6,0.12035
2019,8,27,18,0.12985
2019,8,28,6,0.11945
2019,8,28,18,0.16545
2019,8,29,6,0.1439
2019,8,29,18,0.16395
2019,8,30,6,0.1448
2019,8,30,18,0.1301
2019,8,31,6,0.11915
2019,8,31,18,0.1276
2019,9,1,6,0.11575
2019,9,1,18,0.1262
2019,9,2,6,0.1162
2019,9,2,18,0.1258
2019,9,3,6,0.11585
2019,9,3,18,0.12335
2019,9,4,6,0.11425
2019,9,4,18,0.1697
2019,9,5,6,0.1866
2019,9,5,18,0.20135
2019,9,6,6,0.20125
2019,9,6,18,0.2145
2019,9,7,6,0.1895
2019,9,7,18,0.18155
2019,9,8,6,0.16915
2019,9,8,18,0.16615
2019,9,9,6,0.15485
2019,9,9,18,0.15365
2019,9,10,6,0.1427
2019,9,10,18,0.17675
2019,9,11,6,0.16475
2019,9,11,18,0.15775
2019,9,12,6,0.14735
2019,9,12,18,0.1479
2019,9,13,6,0.1373
2019,9,13,18,0.1428
2019,9,14,6,0.13
2019,9,14,18,0.1392
2019,9,15,6,0.1255
2019,9,15,18,0.1323
2019,9,16,6,0.12715
2019,9,16,18,0.21515
2019,9,17,6,0.2041
2019,9,17,18,0.20215
2019,9,18,6,0.1898
2019,9,18,18,0.2255
2019,9,19,6,0.21395
2019,9,19,18,0.20875
2019,9,20,6,0.1937
2019,9,20,18,0.2268
2019,9,21,6,0.2098
2019,9,21,18,0.202
2019,9,22,6,0.1895
2019,9,22,18,0.18825
2019,9,23,6,0.1766
2019,9,23,18,0.18325
2019,9,24,6,0.1698
2019,9,24,18,0.179
2019,9,25,6,0.16735
2019,9,25,18,0.1738
2019,9,26,6,0.1622
2019,9,26,18,0.20995
2019,9,27,6,0.1955
2019,9,27,18,0.1848
2019,9,28,6,0.175
2019,9,28,18,0.16855
2019,9,29,6,0.1577
2019,9,29,18,0.15905
2019,9,30,6,0.1519
2019,9,30,18,0.1545
2019,10,1,6,0.14445
2019,10,1,18,0.1521
2019,10,2,6,0.14055
2019,10,2,18,0.14895
2019,10,3,6,0.1387
2019,10,3,18,0.14605
2019,10,4,6,0.13575
2019,10,4,18,0.1426
2019,10,5,6,0.13245
2019,10,5,18,0.141
2019,10,6,6,0.13205
2019,10,6,18,0.1394
2019,10,7,6,0.13105
2019,10,7,18,0.1375
2019,10,8,6,0.12635
2019,10,8,18,0.13515
2019,10,9,6,0.12535
2019,10,9,18,0.1305
2019,10,10,6,0.12145
2019,10,10,18,0.12855
2019,10,11,6,0.1193
2019,10,11,18,0.1264
2019,10,12,6,0.11675
2019,10,12,18,0.1247
2019,10,13,6,0.11515
2019,10,13,18,0.1233
2019,10,14,6,0.1126
2019,10,14,18,0.16155
2019,10,15,6,0.158
2019,10,15,18,0.1503
2019,10,16,6,0.14045
2019,10,16,18,0.13935
2019,10,17,6,0.14685
2019,10,17,18,0.1531
2019,10,18,6,0.1448
2019,10,18,18,0.14515
2019,10,19,6,0.13615
2019,10,19,18,0.1383
2019,10,20,6,0.1312
2019,10,20,18,0.1339
2019,10,21,6,0.1263
2019,10,21,18,0.13105
2019,10,22,6,0.1218
2019,10,22,18,0.1277
2019,10,23,6,0.12115
2019,10,23,18,0.1524
2019,10,24,6,0.1408
2019,10,24,18,0.1725
2019,10,25,6,0.19885
2019,10,25,18,0.1878
2019,10,26,6,0.20025
2019,10,26,18,0.19175
2019,10,27,6,0.18065
2019,10,27,18,0.17735
2019,10,28,6,0.1666
2019,10,28,18,0.1678
2019,10,29,6,0.1587
2019,10,29,18,0.1638
2019,10,31,18,0.1522
2019,11,1,18,0.1497
2019,11,2,18,0.1472
2019,11,13,18,0.1722
2019,11,14,18,0.1695
2019,11,15,6,0.1641
2019,11,15,18,0.1662
2019,11,16,6,0.1588
2019,11,16,18,0.1621
2019,11,17,6,0.15705
2019,11,17,18,0.1611
2019,11,18,6,0.15485
2019,11,18,18,0.1581
2019,11,19,6,0.1532
2019,11,19,18,0.15595
2019,11,20,6,0.15105
2019,11,20,18,0.1525
2019,11,21,6,0.1468
2019,11,21,18,0.1504
2019,11,22,6,0.1453
2019,11,22,18,0.1482
2019,11,23,6,0.1421
2019,11,23,18,0.14555
2019,11,24,6,0.13965
2019,11,24,18,0.1436
2019,11,25,6,0.138
2019,11,25,18,0.14075
2019,11,26,6,0.13395
2019,11,26,18,0.13645
2019,11,27,6,0.25245
2019,11,27,18,0.2507
2019,11,28,6,0.2467
2019,11,28,18,0.24595
2019,11,29,6,0.23695
2019,11,29,18,0.2375
2019,11,30,6,0.22995
2019,11,30,18,0.23075
2019,12,1,6,0.2851
2019,12,1,18,0.3318
2019,12,2,6,0.34675
2019,12,2,18,0.3344
2019,12,3,6,0.31895
2019,12,3,18,0.3109
2019,12,4,6,0.3488
2019,12,4,18,0.35715
2019,12,5,6,0.328
2019,12,5,18,0.32145
2019,12,6,6,0.31255
2019,12,6,18,0.3105
2019,12,7,6,0.3546
2019,12,7,18,0.3689
2019,12,8,6,0.34485
2019,12,8,18,0.3292
2019,12,9,6,0.32255
2019,12,9,18,0.31865
2019,12,10,6,0.31115
2019,12,10,18,0.3124
2019,12,11,6,0.31505
2019,12,11,18,0.32325
2019,12,12,6,0.3236
2019,12,12,18,0.3202
2019,12,13,6,0.3165
2019,12,13,18,0.3191
2019,12,14,6,0.3172
2019,12,14,18,0.3141
2019,12,15,6,0.30585
2019,12,15,18,0.30635
2019,12,16,6,0.2994
2019,12,16,18,0.301
2019,12,17,6,0.2942
2019,12,17,18,0.2972
2019,12,18,6,0.2965
2019,12,18,18,0.30455
2019,12,19,6,0.30115
2019,12,19,18,0.3003
2019,12,20,6,0.29355
2019,12,20,18,0.29595
2019,12,21,6,0.28985
2019,12,21,18,0.302
2019,12,22,6,0.29685
2019,12,22,18,0.3345
2019,12,23,6,0.32385
2019,12,23,18,0.3173
2019,12,24,6,0.30815
2019,12,24,18,0.30935
2019,12,25,6,0.3069
2019,12,25,18,0.30605
2019,12,26,6,0.3011
2019,12,26,18,0.2995
2019,12,27,6,0.29255
2019,12,27,18,0.3058
2019,12,28,6,0.2969
2019,12,28,18,0.30345
2019,12,29,6,0.2972
2019,12,29,18,0.29815
2019,12,30,6,0.2949
2019,12,30,18,0.30295
2019,12,31,6,0.2933
2019,12,31,18,0.29615
2020,1,1,6,0.29115
2020,1,1,18,0.29425
2020,1,2,6,0.28945
2020,1,2,18,0.2952
2020,1,3,6,0.2882
2020,1,3,18,0.29685
2020,1,4,6,0.28985
2020,1,4,18,0.2952
2020,1,5,6,0.2912
2020,1,5,18,0.2911
2020,1,6,6,0.28445
2020,1,6,18,0.2865
2020,1,7,6,0.2803
2020,1,7,18,0.28275
2020,1,8,6,0.28175
2020,1,8,18,0.28705
2020,1,9,6,0.3466
2020,1,9,18,0.3245
2020,1,10,6,0.31195
2020,1,10,18,0.31335
2020,1,11,6,0.31275
2020,1,11,18,0.31445
2020,1,12,6,0.3061
2020,1,12,18,0.30735
2020,1,13,6,0.304
2020,1,13,18,0.3039
2020,1,14,6,0.3029
2020,1,14,18,0.30055
2020,1,15,6,0.29275
2020,1,15,18,0.29385
2020,1,16,6,0.29095
2020,1,16,18,0.33885
2020,1,17,6,0.34055
2020,1,17,18,0.3266
2020,1,18,6,0.3198
2020,1,18,18,0.31735
2020,1,19,6,0.31245
2020,1,19,18,0.31105
2020,1,20,6,0.3074
2020,1,20,18,0.3082
2020,1,21,6,0.30405
2020,1,21,18,0.30585
2020,1,22,6,0.3114
2020,1,22,18,0.313
2020,1,23,6,0.30755
2020,1,23,18,0.308
2020,1,24,6,0.30515
2020,1,24,18,0.3044
2020,1,25,6,0.2999
2020,1,25,18,0.30075
2020,1,26,6,0.352
2020,1,26,18,0.32975
2020,1,27,6,0.3172
2020,1,27,18,0.31545
2020,1,28,6,0.3084
2020,2,1,18,0.30205
2020,2,2,6,0.29455
2020,2,2,18,0.29285
2020,2,3,6,0.2855
2020,2,3,18,0.287
2020,2,4,6,0.2786
2020,2,4,18,0.28515
2020,2,5,6,0.2769
2020,2,5,18,0.2847
2020,2,6,6,0.27675
2020,2,6,18,0.28105
2020,2,7,6,0.27285
2020,2,7,18,0.27845
2020,2,8,6,0.2684
2020,2,8,18,0.2739
2020,2,9,6,0.26595
2020,2,9,18,0.267
2020,2,10,6,0.2578
2020,2,10,18,0.26335
2020,2,11,6,0.2548
2020,2,11,18,0.26325
2020,2,12,6,0.2526
2020,2,12,18,0.26025
2020,2,13,6,0.2495
2020,2,13,18,0.2568
2020,2,14,6,0.24595
2020,2,14,18,0.2533
2020,2,15,6,0.24505
2020,2,15,18,0.25095
2020,2,16,6,0.2463
2020,2,16,18,0.24965
2020,2,17,6,0.23955
2020,2,17,18,0.245
2020,2,18,6,0.2353
2020,2,18,18,0.2421
2020,2,19,6,0.2306
2020,2,19,18,0.23905
2020,2,20,6,0.2289
2020,2,20,18,0.2374
2020,2,21,6,0.2274
2020,2,21,18,0.23635
2020,2,22,6,0.22825
2020,2,22,18,0.23295
2020,2,23,6,0.22315
2020,2,23,18,0.23125
2020,2,24,6,0.22005
2020,2,24,18,0.22745
2020,2,25,6,0.21745
2020,2,25,18,0.22685
2020,2,26,6,0.2168
2020,2,26,18,0.22605
2020,2,27,6,0.2144
2020,2,27,18,0.2245
2020,2,28,6,0.2138
2020,2,28,18,0.22205
2020,2,29,6,0.2137
2020,2,29,18,0.2178
2020,3,1,6,0.2109
2020,3,1,18,0.21345
2020,3,2,6,0.20355
2020,3,2,18,0.21235
2020,3,3,6,0.2028
2020,3,3,18,0.2128
2020,3,4,6,0.2014
2020,3,4,18,0.212
2020,3,5,6,0.20045
2020,3,5,18,0.21015
2020,3,6,6,0.1991
2020,3,6,18,0.20675
2020,3,7,6,0.20035
2020,3,7,18,0.21535
2020,3,8,6,0.21625
2020,3,8,18,0.22085
2020,3,9,6,0.2121
2020,3,9,18,0.22055
2020,3,10,6,0.20885
2020,3,10,18,0.2465
2020,3,11,6,0.2354
2020,3,11,18,0.23965
2020,3,12,6,0.22585
2020,3,12,18,0.23535
2020,3,13,6,0.22105
2020,3,13,18,0.22825
2020,3,14,6,0.2184
2020,3,14,18,0.2841
2020,3,15,6,0.35755
2020,3,15,18,0.3418
2020,3,16,6,0.3784
2020,3,16,18,0.36195
2020,3,17,6,0.3373
2020,3,17,18,0.3265
2020,3,18,6,0.3159
2020,3,18,18,0.3142
2020,3,19,6,0.30345
2020,3,19,18,0.30585
2020,3,20,6,0.2933
2020,3,20,18,0.29815
2020,3,21,6,0.28465
2020,3,21,18,0.2895
2020,3,22,6,0.2775
2020,3,22,18,0.28555
2020,3,23,6,0.2741
2020,3,23,18,0.27705
2020,3,24,6,0.27145
2020,3,24,18,0.2705
2020,3,25,6,0.2641
2020,3,25,18,0.26885
2020,3,26,6,0.2582
2020,3,26,18,0.26605
2020,3,27,6,0.2528
2020,3,27,18,0.2618
2020,3,28,6,0.2515
2020,3,28,18,0.25785
2020,3,29,6,0.25235
2020,3,29,18,0.26255
2020,3,30,6,0.2511
2020,3,30,18,0.25855
2020,3,31,6,0.24685
2020,3,31,18,0.2564
2020,4,1,6,0.24255
2020,4,1,18,0.2497
2020,4,2,6,0.23405
2020,4,2,18,0.2623
2020,4,3,6,0.249
2020,4,3,18,0.25815
2020,4,4,6,0.243
2020,4,4,18,0.2495
2020,4,5,6,0.34945
2020,4,5,18,0.35995
2020,4,6,6,0.3464
2020,4,6,18,0.3558
2020,4,7,6,0.3411
2020,4,7,18,0.3294
2020,4,8,6,0.31445
2020,4,8,18,0.31485
2020,4,9,6,0.3066
2020,4,9,18,0.30525
2020,4,10,6,0.29625
2020,4,10,18,0.30035
2020,4,11,6,0.28765
2020,4,11,18,0.2945
2020,4,12,6,0.2821
2020,4,12,18,0.2891
2020,4,13,6,0.2752
2020,4,13,18,0.28315
2020,4,14,6,0.26655
2020,4,14,18,0.29645
2020,4,15,6,0.2801
2020,4,15,18,0.28905
2020,4,16,6,0.27425
2020,4,16,18,0.2832
2020,4,17,6,0.29055
2020,4,17,18,0.292
2020,4,18,6,0.2798
2020,4,18,18,0.28245
2020,4,19,6,0.2717
2020,4,19,18,0.27815
2020,4,20,6,0.26635
2020,4,20,18,0.27065
2020,4,21,6,0.25725
2020,4,21,18,0.2678
2020,4,22,6,0.2538
2020,4,22,18,0.2647
2020,4,23,6,0.25065
2020,4,23,18,0.2573
2020,4,24,6,0.24275
2020,4,24,18,0.28255
2020,4,25,6,0.2611
2020,4,25,18,0.2667
2020,4,26,6,0.25265
2020,4,26,18,0.2611
2020,4,27,6,0.24525
2020,4,27,18,0.27695
2020,4,28,6,0.2513
2020,4,28,18,0.2622
2020,4,29,6,0.24615
2020,4,29,18,0.25055
2020,4,30,6,0.23755
2020,4,30,18,0.24655
2020,5,1,6,0.23095
2020,5,1,18,0.264
2020,5,2,6,0.25305
2020,5,2,18,0.2556
2020,5,3,6,0.24435
2020,5,3,18,0.25065
2020,5,4,6,0.23575
2020,5,4,18,0.24705
2020,5,5,6,0.23085
2020,5,5,18,0.2421
2020,5,6,6,0.22765
2020,5,6,18,0.2475
2020,5,7,6,0.23205
2020,5,7,18,0.2444
2020,5,8,6,0.2287
2020,5,8,18,0.242
2020,5,9,6,0.2254
2020,5,9,18,0.24815
2020,5,10,6,0.23075
2020,5,10,18,0.23825
2020,5,11,6,0.2237
2020,5,11,18,0.23225
2020,5,12,6,0.22165
2020,5,12,18,0.2445
2020,5,13,6,0.22445
2020,5,13,18,0.22995
2020,5,14,6,0.22045
2020,5,14,18,0.23765
2020,5,15,6,0.22375
2020,5,15,18,0.23785
2020,5,16,6,0.224
2020,5,16,18,0.23615
2020,5,17,6,0.22695
2020,5,17,18,0.23145
2020,5,18,6,0.24365
2020,5,18,18,0.27805
2020,5,19,6,0.26605
2020,5,19,18,0.2722
2020,5,20,6,0.2559
2020,5,20,18,0.26645
2020,5,21,6,0.25015
2020,5,21,18,0.2702
2020,5,22,6,0.25155
2020,5,22,18,0.25795
2020,5,23,6,0.24055
2020,5,23,18,0.2575
2020,5,24,6,0.24035
2020,5,24,18,0.25355
2020,5,25,6,0.24465
2020,5,25,18,0.2586
2020,5,26,6,0.2463
2020,5,26,18,0.25925
2020,5,27,6,0.2594
2020,5,27,18,0.2579
2020,5,28,6,0.238
2020,5,28,18,0.2627
2020,5,29,6,0.2385
2020,5,29,18,0.24285
2020,5,30,6,0.2306
2020,5,30,18,0.2429
2020,5,31,6,0.22925
2020,5,31,18,0.237
2020,6,1,6,0.22475
2020,6,1,18,0.2532
2020,6,2,6,0.2285
2020,6,2,18,0.255
2020,6,3,6,0.22885
2020,6,3,18,0.2502
2020,6,4,6,0.2278
2020,6,4,18,0.24175
2020,6,5,6,0.22485
2020,6,5,18,0.22905
2020,6,6,6,0.21495
2020,6,6,18,0.23425
2020,6,7,6,0.21515
2020,6,7,18,0.2226
2020,6,8,6,0.2094
2020,6,8,18,0.2186
2020,6,9,6,0.2034
2020,6,9,18,0.22585
2020,6,10,6,0.21015
2020,6,10,18,0.22905
2020,6,11,6,0.2124
2020,6,11,18,0.22155
2020,6,12,6,0.20675
2020,6,12,18,0.2191
2020,6,13,6,0.2086
2020,6,13,18,0.21925
2020,6,14,6,0.20415
2020,6,14,18,0.2158
2020,6,15,6,0.2017
2020,6,15,18,0.23005
2020,6,16,6,0.208
2020,6,16,18,0.21885
2020,6,17,6,0.20265
2020,6,17,18,0.23755
2020,6,18,6,0.2072
2020,6,18,18,0.2264
2020,6,19,6,0.20905
2020,6,19,18,0.22505
2020,6,20,6,0.2078
2020,6,20,18,0.21935
2020,6,21,6,0.20315
2020,6,21,18,0.21495
2020,6,22,6,0.22095
2020,6,22,18,0.22065
2020,6,23,6,0.20345
2020,6,23,18,0.23595
2020,6,24,6,0.2218
2020,6,24,18,0.2205
2020,6,25,6,0.2054
2020,6,25,18,0.22115
2020,6,26,6,0.20515
2020,6,26,18,0.22095
2020,6,27,6,0.2056
2020,6,27,18,0.21915
2020,6,28,6,0.204
2020,6,28,18,0.2106
2020,6,29,6,0.1964
2020,6,29,18,0.21565
2020,6,30,6,0.2006
2020,6,30,18,0.2299
2020,7,1,6,0.2035
2020,7,1,18,0.2359
2020,7,2,6,0.21185
2020,7,2,18,0.2356
2020,7,3,6,0.211
2020,7,3,18,0.2261
2020,7,4,6,0.2083
2020,7,4,18,0.22135
2020,7,5,6,0.20605
2020,7,5,18,0.2144
2020,7,6,6,0.19845
2020,7,6,18,0.2383
2020,7,7,6,0.2042
2020,7,7,18,0.22045
2020,7,8,6,0.22305
2020,7,8,18,0.22055
2020,7,9,6,0.2065
2020,7,9,18,0.2323
2020,7,10,6,0.20855
2020,7,10,18,0.23705
2020,7,11,6,0.20915
2020,7,11,18,0.22815
2020,7,12,6,0.2097
2020,7,12,18,0.21975
2020,7,13,6,0.2025
2020,7,13,18,0.2387
2020,7,14,6,0.20925
2020,7,14,18,0.2417
2020,7,15,6,0.2107
2020,7,15,18,0.2327
2020,7,16,6,0.21025
2020,7,16,18,0.2163
2020,7,17,6,0.22205
2020,7,17,18,0.22025
2020,7,18,6,0.204
2020,7,18,18,0.21645
2020,7,19,6,0.20035
2020,7,19,18,0.20795
2020,7,20,6,0.1925
2020,7,20,18,0.19795
2020,7,21,6,0.18475
2020,7,21,18,0.19685
2020,7,22,6,0.1815
2020,7,22,18,0.1924
2020,7,23,6,0.17935
2020,7,23,18,0.1894
2020,7,24,6,0.17545
2020,7,24,18,0.18645
2020,7,25,6,0.17215
2020,7,25,18,0.18345
2020,7,26,6,0.1707
2020,7,26,18,0.18095
2020,7,27,6,0.166
2020,7,27,18,0.1773
2020,7,28,6,0.16335
2020,7,28,18,0.17425
2020,7,29,6,0.16595
2020,7,29,18,0.1808
2020,7,30,6,0.1672
2020,7,30,18,0.17785
2020,7,31,6,0.1625
2020,7,31,18,0.217
2020,8,1,6,0.1961
2020,8,1,18,0.2067
2020,8,2,6,0.19155
2020,8,2,18,0.1959
2020,8,3,6,0.1784
2020,8,3,18,0.21245
2020,8,4,6,0.19585
2020,8,4,18,0.2221
2020,8,5,6,0.20065
2020,8,5,18,0.223
2020,8,6,6,0.22055
2020,8,6,18,0.2093
2020,8,7,6,0.1955
2020,8,7,18,0.23525
2020,8,8,6,0.205
2020,8,8,18,0.2076
2020,8,9,6,0.1933
2020,8,9,18,0.19695
2020,8,10,6,0.17885
2020,8,10,18,0.2189
2020,8,11,6,0.1925
2020,8,11,18,0.2176
2020,8,12,6,0.19395
2020,8,12,18,0.21645
2020,8,13,6,0.19505
2020,8,13,18,0.22205
2020,8,14,6,0.2011
2020,8,14,18,0.2261
2020,8,15,6,0.20335
2020,8,15,18,0.23055
2020,8,16,6,0.21025
2020,8,16,18,0.20775
2020,8,17,6,0.1945
2020,8,17,18,0.19215
2020,8,18,6,0.21025
2020,8,18,18,0.21955
2020,8,19,6,0.20285
2020,8,19,18,0.2238
2020,8,20,6,0.2024
2020,8,20,18,0.23485
2020,8,21,6,0.20475
2020,8,21,18,0.2299
2020,8,22,6,0.2045
2020,8,22,18,0.207
2020,8,23,6,0.19655
2020,8,23,18,0.1979
2020,8,24,6,0.18765
2020,8,24,18,0.2191
2020,8,25,6,0.19795
2020,8,25,18,0.2204
2020,8,26,6,0.19515
2020,8,26,18,0.21815
2020,8,27,6,0.18955
2020,8,27,18,0.2061
2020,8,28,6,0.1882
2020,8,28,18,0.201
2020,8,29,6,0.18705
2020,8,29,18,0.1958
2020,8,30,6,0.1837
2020,8,30,18,0.1859
2020,8,31,6,0.17585
2020,8,31,18,0.2081
2020,9,1,6,0.1842
2020,9,1,18,0.22655
2020,9,2,6,0.1946
2020,9,2,18,0.2154
2020,9,3,6,0.19225
2020,9,3,18,0.2259
2020,9,4,6,0.20125
2020,9,4,18,0.22335
2020,9,5,6,0.1993
2020,9,5,18,0.2117
2020,9,6,6,0.1974
2020,9,6,18,0.1982
2020,9,7,6,0.18545
2020,9,7,18,0.20685
2020,9,8,6,0.19175
2020,9,8,18,0.198
2020,9,9,6,0.18675
2020,9,9,18,0.20685
2020,9,10,6,0.19245
2020,9,10,18,0.1912
2020,9,11,6,0.1847
2020,9,11,18,0.2216
2020,9,12,6,0.19825
2020,9,12,18,0.2053
2020,9,13,6,0.19435
2020,9,13,18,0.195
2020,9,14,6,0.1835
2020,9,14,18,0.183
2020,9,15,6,0.1715
2020,9,15,18,0.17335
2020,9,16,6,0.16225
2020,9,16,18,0.2077
2020,9,17,6,0.18665
2020,9,17,18,0.21
2020,9,18,6,0.19335
2020,9,18,18,0.1899
2020,9,19,6,0.1796
2020,9,19,18,0.17765
2020,9,20,6,0.1657
2020,9,20,18,0.16665
2020,9,21,6,0.15705
2020,9,21,18,0.1874
2020,9,22,6,0.17575
2020,9,22,18,0.16985
2020,9,23,6,0.1588
2020,9,23,18,0.1609
2020,9,24,6,0.1508
2020,9,24,18,0.1569
2020,9,25,6,0.1451
2020,9,25,18,0.1536
2020,9,26,6,0.14405
2020,9,26,18,0.15025
2020,9,27,6,0.1403
2020,9,27,18,0.1488
2020,9,28,6,0.1394
2020,9,28,18,0.1468
2020,9,29,6,0.1363
2020,9,29,18,0.14465
2020,9,30,6,0.133
2020,9,30,18,0.1419
2020,10,1,6,0.13205
2020,10,1,18,0.1399
2020,10,2,6,0.13015
2020,10,2,18,0.13695
2020,10,3,6,0.1284
2020,10,3,18,0.13585
2020,10,4,6,0.1269
2020,10,4,18,0.13495
2020,10,5,6,0.1258
2020,10,5,18,0.16635
2020,10,6,6,0.1511
2020,10,6,18,0.1514
2020,10,7,6,0.1414
2020,10,7,18,0.14425
2020,10,8,6,0.1344
2020,10,8,18,0.13675
2020,10,9,6,0.13135
2020,10,9,18,0.136
2020,10,10,6,0.1296
2020,10,10,18,0.1369
2020,10,11,6,0.13285
2020,10,11,18,0.13555
2020,10,12,6,0.12715
2020,10,12,18,0.13465
2020,10,13,6,0.1245
2020,10,13,18,0.13355
2020,10,14,6,0.1263
2020,10,14,18,0.13265
2020,10,15,6,0.12355
2020,10,15,18,0.1313
2020,10,16,6,0.1221
2020,10,16,18,0.12985
2020,10,17,6,0.1211
2020,10,17,18,0.1281
2020,10,18,6,0.12055
2020,10,18,18,0.12685
2020,10,19,6,0.1186
2020,10,19,18,0.16755
2020,10,20,6,0.1693
2020,10,20,18,0.1679
2020,10,21,6,0.1539
2020,10,21,18,0.14765
2020,10,22,6,0.13625
2020,10,22,18,0.13495
2020,10,23,6,0.1244
2020,10,23,18,0.12795
2020,10,24,6,0.1215
2020,10,24,18,0.1258
2020,10,25,6,0.1212
2020,10,25,18,0.12425
2020,10,26,6,0.1176
2020,10,26,18,0.12255
2020,10,27,6,0.11535
2020,10,27,18,0.12095
2020,10,28,6,0.11325
2020,10,28,18,0.11975
2020,10,29,6,0.1117
2020,10,29,18,0.1188
2020,10,30,6,0.1119
2020,10,30,18,0.11765
2020,10,31,6,0.11045
2020,10,31,18,0.11685
2020,11,1,6,0.1097
2020,11,1,18,0.11685
2020,11,2,6,0.1109
2020,11,2,18,0.1173
2020,11,3,6,0.11115
2020,11,3,18,0.11695
2020,11,4,6,0.10995
2020,11,4,18,0.1159
2020,11,5,6,0.1101
2020,11,5,18,0.11705
2020,11,6,6,0.1118
2020,11,6,18,0.11455
2020,11,7,6,0.10925
2020,11,7,18,0.11245
2020,11,8,6,0.1095
2020,11,8,18,0.1121
2020,11,9,6,0.1036
2020,11,9,18,0.10915
2020,11,10,6,0.10365
2020,11,10,18,0.1091
2020,11,11,6,0.1048
2020,11,11,18,0.1099
2020,11,12,6,0.1042
2020,11,12,18,0.11025
2020,11,13,6,0.1069
2020,11,13,18,0.1099
2020,11,14,6,0.108
2020,11,14,18,0.1108
2020,11,15,6,0.1065
2020,11,15,18,0.11365
2020,11,16,6,0.1083
2020,11,16,18,0.1153
2020,11,17,6,0.1136
2020,11,17,18,0.11665
2020,11,18,6,0.14715
2020,11,18,18,0.19665
2020,11,19,6,0.1884
2020,11,19,18,0.1923
2020,11,20,6,0.18155
2020,11,20,18,0.18725
2020,11,21,6,0.17735
2020,11,21,18,0.1837
2020,11,22,6,0.17525
2020,11,22,18,0.1822
2020,11,23,6,0.17365
2020,11,23,18,0.17925
2020,11,24,6,0.17145
2020,11,24,18,0.1769
2020,11,25,6,0.1696
2020,11,25,18,0.1742
2020,11,26,6,0.16575
2020,11,26,18,0.1715
2020,11,27,6,0.1632
2020,11,27,18,0.1694
2020,11,28,6,0.16025
2020,11,28,18,0.1677
2020,11,29,6,0.1576
2020,11,29,18,0.1646
2020,11,30,6,0.15815
2020,11,30,18,0.1643
2020,12,1,6,0.15615
2020,12,1,18,0.16275
2020,12,2,6,0.1544
2020,12,2,18,0.16115
2020,12,3,6,0.1538
2020,12,3,18,0.16075
2020,12,4,6,0.15175
2020,12,4,18,0.21225
2020,12,5,6,0.2064
2020,12,5,18,0.20555
2020,12,6,6,0.1976
2020,12,6,18,0.1985
2020,12,7,6,0.1924
2020,12,7,18,0.196
2020,12,8,6,0.18755
2020,12,8,18,0.19045
2020,12,9,6,0.18335
2020,12,9,18,0.1866
2020,12,10,6,0.17965
2020,12,10,18,0.18295
2020,12,11,6,0.17615
2020,12,11,18,0.1809
2020,12,12,6,0.23495
2020,12,12,18,0.26175
2020,12,13,6,0.25735
2020,12,13,18,0.3561
2020,12,14,6,0.3132
2020,12,14,18,0.3065
2020,12,15,6,0.29345
2020,12,15,18,0.29665
2020,12,16,6,0.2836
2020,12,16,18,0.28675
2020,12,17,6,0.34595
2020,12,17,18,0.32345
2020,12,18,6,0.30635
2020,12,18,18,0.30325
2020,12,19,6,0.29605
2020,12,19,18,0.2966
2020,12,20,6,0.28685
2020,12,20,18,0.28775
2020,12,21,6,0.28305
2020,12,21,18,0.2841
2020,12,22,6,0.2833
2020,12,22,18,0.28255
2020,12,23,6,0.27825
2020,12,23,18,0.27555
2020,12,24,6,0.27075
2020,12,24,18,0.27275
2020,12,25,6,0.269
2020,12,25,18,0.273
2020,12,26,6,0.314
2020,12,26,18,0.30515
2020,12,27,6,0.2929
2020,12,27,18,0.29415
2020,12,28,6,0.28765
2020,12,28,18,0.2912
2020,12,29,6,0.2828
2020,12,29,18,0.28525
2020,12,30,6,0.27685
2020,12,30,18,0.28075
2020,12,31,6,0.28465
2020,12,31,18,0.28495
2021,1,1,6,0.27525
2021,1,1,18,0.278
2021,1,2,6,0.2738
2021,1,2,18,0.27645
2021,1,3,6,0.27285
2021,1,3,18,0.2754
2021,1,4,6,0.27245
2021,1,4,18,0.34165
2021,1,5,6,0.3197
2021,1,5,18,0.3162
2021,1,6,6,0.30285
2021,1,6,18,0.3053
2021,1,7,6,0.2985
2021,1,7,18,0.29775
2021,1,8,18,0.29505
2021,1,10,18,0.28525
2021,1,11,18,0.27945
2021,1,13,18,0.2781
2021,1,14,18,0.2743
2021,1,15,18,0.2722
2021,1,16,6,0.26365
2021,1,16,18,0.26875
2021,1,17,6,0.26015
2021,1,17,18,0.2642
2021,1,18,6,0.25575
2021,1,18,18,0.25965
2021,1,19,6,0.2488
2021,1,19,18,0.25145
2021,1,20,6,0.24065
2021,1,20,18,0.24505
2021,1,21,6,0.23515
2021,1,21,18,0.2857
2021,1,22,6,0.2823
2021,1,22,18,0.3411
2021,1,23,6,0.3167
2021,1,23,18,0.30615
2021,1,24,6,0.29635
2021,1,24,18,0.29705
2021,1,25,6,0.34565
2021,1,25,18,0.32295
2021,1,26,6,0.31025
2021,1,26,18,0.30925
2021,1,27,6,0.34815
2021,1,27,18,0.3628
2021,1,28,6,0.38235
2021,1,28,18,0.3804
2021,1,29,6,0.3547
2021,1,29,18,0.3412
2021,1,30,6,0.33175
2021,1,30,18,0.32805
2021,1,31,6,0.32155
2021,1,31,18,0.31995
2021,2,1,6,0.3127
2021,2,1,18,0.3102
2021,2,2,6,0.3371
2021,2,2,18,0.35025
2021,2,3,6,0.333
2021,2,3,18,0.33095
2021,2,4,6,0.31925
2021,2,4,18,0.3208
2021,2,5,6,0.3118
2021,2,5,18,0.3145
2021,2,6,6,0.30355
2021,2,6,18,0.30725
2021,2,7,6,0.29685
2021,2,7,18,0.3
2021,2,8,6,0.2898
2021,2,8,18,0.29355
2021,2,9,6,0.2881
2021,2,9,18,0.291
2021,2,10,6,0.2843
2021,2,10,18,0.28685
2021,2,11,6,0.2774
2021,2,11,18,0.3136
2021,2,12,6,0.336
2021,2,12,18,0.3283
2021,2,13,6,0.31955
2021,2,13,18,0.3158
2021,2,14,6,0.30455
2021,2,14,18,0.30515
2021,2,15,6,0.3156
2021,2,15,18,0.33895
2021,2,16,6,0.3265
2021,2,16,18,0.32525
2021,2,17,6,0.3132
2021,2,17,18,0.30995
2021,2,18,6,0.29805
2021,2,18,18,0.29945
2021,2,19,6,0.29445
2021,2,19,18,0.32325
2021,2,20,6,0.3362
2021,2,20,18,0.3265
2021,2,21,6,0.3135
2021,2,21,18,0.3146
2021,2,22,6,0.30255
2021,2,22,18,0.3061
2021,2,23,6,0.29285
2021,2,23,18,0.2952
2021,2,24,6,0.28185
2021,2,24,18,0.2854
2021,2,25,6,0.27235
2021,2,25,18,0.2787
2021,2,26,6,0.267
2021,2,26,18,0.2744
2021,2,27,6,0.26325
2021,2,27,18,0.2671
2021,2,28,6,0.2556
2021,2,28,18,0.26545
2021,3,1,6,0.25355
2021,3,1,18,0.2625
2021,3,2,6,0.2495
2021,3,2,18,0.2573
2021,3,3,6,0.24575
2021,3,3,18,0.251
2021,3,4,6,0.242
2021,3,4,18,0.2523
2021,3,5,6,0.24005
2021,3,5,18,0.2492
2021,3,6,6,0.2412
2021,3,6,18,0.24925
2021,3,7,6,0.2362
2021,3,7,18,0.2465
2021,3,8,6,0.23405
2021,3,8,18,0.2405
2021,3,9,6,0.2298
2021,3,9,18,0.2357
2021,3,10,6,0.26375
2021,3,10,18,0.2741
2021,3,11,6,0.26395
2021,3,11,18,0.2653
2021,3,12,6,0.2543
2021,3,12,18,0.2636
2021,3,13,6,0.25085
2021,3,13,18,0.25635
2021,3,14,6,0.24345
2021,3,14,18,0.2485
2021,3,15,6,0.2802
2021,3,15,18,0.27805
2021,3,16,6,0.2656
2021,3,16,18,0.27085
2021,3,17,6,0.25715
2021,3,17,18,0.26385
2021,3,18,6,0.25665
2021,3,18,18,0.3061
2021,3,19,6,0.3393
2021,3,19,18,0.3243
2021,3,20,6,0.31055
2021,3,20,18,0.3112
2021,3,21,6,0.2963
2021,3,21,18,0.3012
2021,3,22,6,0.28605
2021,3,22,18,0.29225
2021,3,23,6,0.27855
2021,3,23,18,0.27945
2021,3,24,6,0.2657
2021,3,24,18,0.27225
2021,3,25,6,0.2585
2021,3,25,18,0.26585
2021,3,26,6,0.25115
2021,3,26,18,0.25895
2021,3,27,6,0.2444
2021,3,27,18,0.25325
2021,3,28,6,0.2393
2021,3,28,18,0.2497
2021,3,29,6,0.2324
2021,3,29,18,0.2396
2021,3,30,6,0.2249
2021,3,30,18,0.23505
2021,3,31,6,0.21955
2021,3,31,18,0.2339
2021,4,1,6,0.2191
2021,4,1,18,0.264
2021,4,2,6,0.2441
2021,4,2,18,0.247
2021,4,3,6,0.2452
2021,4,3,18,0.2482
2021,4,4,6,0.23295
2021,4,4,18,0.23905
2021,4,5,6,0.22455
2021,4,5,18,0.23415
2021,4,6,6,0.21835
2021,4,6,18,0.23215
2021,4,7,6,0.21705
2021,4,7,18,0.22605
2021,4,8,6,0.2107
2021,4,8,18,0.2246
2021,4,9,6,0.2091
2021,4,9,18,0.221
2021,4,10,6,0.20455
2021,4,10,18,0.2196
2021,4,11,6,0.2022
2021,4,11,18,0.2183
2021,4,12,6,0.20155
2021,4,12,18,0.2167
2021,4,13,6,0.19845
2021,4,13,18,0.21065
2021,4,14,6,0.1956
2021,4,14,18,0.2078
2021,4,15,6,0.19345
2021,4,15,18,0.20605
2021,4,16,6,0.19025
2021,4,16,18,0.20425
2021,4,17,6,0.18855
2021,4,17,18,0.2026
2021,4,18,6,0.1865
2021,4,18,18,0.20065
2021,4,19,6,0.18655
2021,4,19,18,0.21835
2021,4,20,6,0.2008
2021,4,20,18,0.2059
2021,4,21,6,0.1911
2021,4,21,18,0.20285
2021,4,22,6,0.1879
2021,4,22,18,0.23485
2021,4,23,6,0.2245
2021,4,23,18,0.21895
2021,4,24,6,0.2058
2021,4,24,18,0.2104
2021,4,25,6,0.20025
2021,4,25,18,0.20335
2021,4,26,6,0.1911
2021,4,26,18,0.20315
2021,4,27,6,0.18985
2021,4,27,18,0.2037
2021,4,28,6,0.18855
2021,4,28,18,0.2035
2021,4,29,6,0.18815
2021,4,29,18,0.2359
2021,4,30,6,0.20995
2021,4,30,18,0.2123
2021,5,1,6,0.19565
2021,5,1,18,0.20575
2021,5,2,6,0.19055
2021,5,2,18,0.2018
2021,5,3,6,0.1846
2021,5,3,18,0.1985
2021,5,4,6,0.1825
2021,5,4,18,0.19815
2021,5,5,6,0.1801
2021,5,5,18,0.22625
2021,5,6,6,0.1994
2021,5,6,18,0.2023
2021,5,7,6,0.18405
2021,5,7,18,0.21435
2021,5,8,6,0.1933
2021,5,8,18,0.20045
2021,5,9,6,0.1873
2021,5,9,18,0.20195
2021,5,10,6,0.18605
2021,5,10,18,0.1991
2021,5,11,6,0.1811
2021,5,11,18,0.19465
2021,5,12,6,0.17655
2021,5,12,18,0.1898
2021,5,13,6,0.1714
2021,5,13,18,0.184
2021,5,14,6,0.1677
2021,5,14,18,0.22205
2021,5,15,6,0.19395
2021,5,15,18,0.2059
2021,5,16,6,0.19405
2021,5,16,18,0.20675
2021,5,17,6,0.19335
2021,5,17,18,0.20195
2021,5,18,6,0.1877
2021,5,18,18,0.19505
2021,5,19,6,0.18525
2021,5,19,18,0.20405
2021,5,20,6,0.1873
2021,5,20,18,0.21465
2021,5,21,6,0.22085
2021,5,21,18,0.21885
2021,5,22,6,0.20615
2021,5,22,18,0.21195
2021,5,23,6,0.1955
2021,5,23,18,0.2041
2021,5,24,6,0.18935
2021,5,24,18,0.2183
2021,5,25,6,0.2029
2021,5,25,18,0.20665
2021,5,26,6,0.19145
2021,5,26,18,0.19955
2021,5,27,6,0.18275
2021,5,27,18,0.21435
2021,5,28,6,0.1995
2021,5,28,18,0.20535
2021,5,29,6,0.1913
2021,5,29,18,0.19465
2021,5,30,6,0.1803
2021,5,30,18,0.19095
2021,5,31,6,0.17635
2021,5,31,18,0.18845
2021,6,1,6,0.17075
2021,6,1,18,0.2103
2021,6,2,6,0.2034
2021,6,2,18,0.20255
2021,6,3,6,0.18695
2021,6,3,18,0.2105
2021,6,4,6,0.19485
2021,6,4,18,0.1985
2021,6,5,6,0.1828
2021,6,5,18,0.20245
2021,6,6,6,0.18765
2021,6,6,18,0.19185
2021,6,7,6,0.1753
2021,6,7,18,0.1787
2021,6,8,6,0.166
2021,6,8,18,0.19885
2021,6,9,6,0.18765
2021,6,9,18,0.20125
2021,6,10,6,0.1908
2021,6,10,18,0.20565
2021,6,11,6,0.19365
2021,6,11,18,0.1988
2021,6,12,6,0.1873
2021,6,12,18,0.1924
2021,6,13,6,0.1788
2021,6,13,18,0.1837
2021,6,14,6,0.1714
2021,6,14,18,0.20715
2021,6,15,6,0.19705
2021,6,15,18,0.2098
2021,6,16,6,0.2079
2021,6,16,18,0.2174
2021,6,17,6,0.2154
